po_id,supplier_id,supplier_name,supplier_country,material_category,material_criticality,order_date,promised_delivery_date,quantity_ordered,unit_price_usd,order_value_usd,payment_terms,shipping_method,distance_km,supplier_lead_time_avg_days,supplier_otd_rate_historical_pct,supplier_active_pos_count,is_peak_season,actual_delivery_date,delay_days,goods_receipt_status,is_late
PO-2024-001711,SUP-008,Shenzhen Precision Metals,South Korea,Component,Low,2024-12-22,2025-01-13,336,4.11,1380.96,Net 30,Sea,4218.2,14.4,61.0,7,1,2025-01-12,-1,Complete,0
PO-2024-002451,SUP-038,Supplier Generic 38,China,Raw Material,Low,2024-03-04,2024-03-19,805,10.37,8347.85,Net 30,air,3712.0,19.9,70.2,3,1,2024-03-17,-2,Complete,0
PO-2024-001219,SUP-008,Shenzhen Precision Metals,South Korea,MRO,Low,2024-10-09,2024-10-23,454,6.69,3037.26,COD,Air,4691.6,14.4,61.0,12,0,2024-10-21,-2,Complete,0
PO-2024-001428,SUP-031,Supplier Generic 31,USA,Packaging,Low,2024-02-29,2024-04-06,350,17.75,6212.5,Net 90,Sea,17883.4,30.5,89.8,5,0,2024-04-09,3,Complete,1
PO-2024-000645,SUP-005,PT Anugerah Kemasan,Indonesia,Raw Material,Low,2024-04-29,2024-05-06,1473,28.55,42054.15,Net 30,Land,326.9,2.0,98.1,3,1,2024-05-05,-1,Complete,0
PO-2024-000998,SUP-037,Supplier Generic 37,Indonesia,Raw Material,Medium,2024-12-25,2025-01-06,594,19.11,11351.34,Net 60,Land,328.8,9.5,88.9,7,1,2025-01-05,-1,Complete,0
PO-2024-001094,SUP-048,Supplier Generic 48,Indonesia,MRO,High,2024-06-17,2024-06-21,206,15.21,3133.26,Net 30,Courier,332.8,5.9,96.4,2,0,2024-06-19,-2,Complete,0
PO-2024-002453,SUP-042,Supplier Generic 42,South Korea,Raw Material,High,2024-02-03,2024-02-22,616,4.87,2999.92,COD,Sea,4772.1,15.4,64.2,4,0,2024-02-22,0,Pending,0
PO-2024-001924,SUP-043,Supplier Generic 43,Japan,Raw Material,Medium,2024-10-14,2024-10-28,2186,11.15,24373.9,Net 30,Air,5728.9,18.0,63.2,10,0,2024-11-01,4,Complete,1
PO-2024-001844,SUP-030,Supplier Generic 30,Japan,Packaging,Medium,2024-08-05,2024-08-30,240,3.86,926.4,Net 60,sea,6106.7,22.3,78.3,6,0,2024-08-28,-2,Complete,0
PO-2024-000805,SUP-044,Supplier Generic 44,China,MRO,Medium,2024-09-27,2024-10-13,313,29.52,9239.76,COD,Air,3113.1,18.9,76.0,3,0,2024-10-11,-2,Complete,0
PO-2024-000108,SUP-033,Supplier Generic 33,China,Component,Medium,2024-01-09,2024-01-27,1065,4.18,4451.7,Net 30,Sea,3500.0,13.3,81.7,8,0,2024-01-27,0,Complete,0
PO-2024-000821,SUP-008,Shenzhen Precision Metals,South Korea,Raw Material,Medium,2024-01-08,2024-01-17,1686,6.55,11043.3,Net 90,Air,4913.9,14.4,61.0,7,0,2024-01-15,-2,Complete,0
PO-2024-002316,SUP-014,Chennai Steel Works,South Korea,Component,Low,2024-12-21,2025-01-08,2656,45.38,120529.28,Net 30,Air,5537.4,22.9,73.9,5,1,2025-01-08,0,Complete,0
PO-2024-002008,SUP-019,PT Teknindo Sukses Mandiri, South Korea ,Raw Material,Low,2024-02-16,2024-03-17,296,74.94,22182.24,Net 60,Sea,5154.9,24.2,59.8,1,0,2024-03-15,-2,Complete,0
PO-2024-001910,SUP-029,Supplier Generic 29,Indonesia,Packaging,Medium,2024-04-09,2024-04-16,234,10.23,2393.82,Net 30,Land,303.0,8.5,40.0,7,1,2024-04-28,12,Complete,1
PO-2024-000433,SUP-035,Supplier Generic 35,China,Raw Material,Medium,2024-02-17,2024-03-11,88,6.66,586.08,COD,Sea,2809.2,14.5,80.7,6,0,2024-03-10,-1,Complete,0
PO-2024-001349,SUP-030,Supplier Generic 30,Japan,Component,Medium,2024-12-03,2024-12-29,994,21.02,20893.88,Net 60,Sea,5802.0,22.3,78.3,10,1,2025-01-12,14,Complete,1
PO-2024-000859,SUP-008,Shenzhen Precision Metals,South Korea,Packaging,Medium,2024-10-08,2024-10-26,134,6.43,861.62,Net 30,Sea,5213.8,14.4,61.0,5,0,2024-10-26,0,Complete,0
PO-2024-001376,SUP-017,PT Prima Rekayasa Komponen,Vietnam,Raw Material,High,2024-01-13,2024-02-12,558,8.5,4743.0,Net 60,sea,2389.7,19.5,65.3,7,0,2024-02-21,9,Complete,1
PO-2024-000305,SUP-003,PT Baja Presisi Indonesia,Thailand,MRO,Medium,2024-10-20,2024-11-01,785,3.27,2566.95,Net 30,Air,2277.3,14.9,78.5,5,0,2024-10-31,-1,Complete,0
PO-2024-002107,SUP-007,Global Parts Co.,USA,Component,Low,2024-10-22,2024-11-27,826,9.93,8202.18,Net 90,Sea,14027.6,30.2,59.5,5,0,2024-12-07,10,Complete,1
PO-2024-001570,SUP-042,Supplier Generic 42,South Korea,Component,Medium,2024-01-30,2024-02-20,786,6.21,4881.06,Net 30,Sea,4763.9,15.4,64.2,6,0,2024-03-04,13,Complete,1
PO-2024-002006,SUP-034,Supplier Generic 34,China,Component,High,2024-01-26,2024-02-08,514,14.78,7596.92,Net 60,Air,3228.8,17.8,81.6,4,0,2024-02-06,-2,Complete,0
PO-2024-000433,SUP-035,Supplier Generic 35,China,Raw Material,Medium,2024-02-17,2024-03-11,88,6.66,586.08,COD,Sea,2809.2,14.5,80.7,6,0,2024-03-10,-1,Complete,0
PO-2024-001790,SUP-006,PT Sumber Teknik Mandiri,India,Component,Low,2024-08-28,2024-09-18,185,3.95,730.75,Net 30,Sea,4755.7,18.0,,4,0,2024-09-18,0,Complete,0
PO-2024-000701,SUP-032,Supplier Generic 32,India,Raw Material,High,2024-12-20,2025-01-17,1096,6.7,7343.2,Net 60,Sea,4584.0,19.2,90.1,2,1,2025-01-29,12,Complete,1
PO-2024-000608,SUP-045,Supplier Generic 45,South Korea,Component,Low,2024-09-15,2024-10-11,600,5.46,3276.0,Net 90,Sea,4534.2,22.5,72.4,9,0,2024-10-11,0,Complete,0
PO-2024-001164,SUP-006,PT Sumber Teknik Mandiri,India,Raw Material,Low,2024-10-11,2024-11-04,735,8.53,6269.55,COD,Sea ,5199.9,18.0,87.2,4,0,2024-11-01,-3,Complete,0
PO-2024-001038,SUP-020,PT Wijaya Sparepart Utama,Germany,Component,Low,2024-04-15,2024-05-04,574,10.21,5860.54,Net 30,Air,11169.8,23.3,57.9,8,1,2024-05-01,-3,Complete,0
PO-2024-000005,SUP-007,Global Parts Co.,USA,Component,Medium,2024-06-17,2024-07-13,400,33.73,13492.0,Net 30,Air,16858.1,30.2,59.5,11,0,2024-07-12,-1,Complete,0
PO-2024-001996,SUP-002,PT Mitra Komponen Nusantara,China,Component,High,2024-12-20,2025-01-08,105,28.78,3021.9,COD,Air,2896.0,18.5,59.4,8,1,2025-01-06,-2,Complete,0
PO-2024-000322,SUP-001,PT Sinar Logam Jaya,South Korea,Packaging,Medium,2024-02-02,2024-02-19,323,35.91,11598.93,Net 30,Air ,5951.1,18.3,85.9,3,0,2024-02-18,-1,Complete,0
PO-2024-001481,SUP-015,KL Electronic Parts,China,Raw Material,Low,2024-10-28,2024-11-20,1131,10.8,12214.8,Net 30,Sea,3563.4,19.7,79.7,5,0,2024-11-17,-3,Complete,0
PO-2024-000860,SUP-016,PT Cahaya Logistik Industri,Indonesia,Raw Material,Low,2024-11-16,2024-11-25,1327,16.83,22333.41,Net 60,Land,378.8,10.2,67.7,5,1,2024-11-27,2,Complete,1
PO-2024-000445,SUP-030,Supplier Generic 30,Japan,Raw Material,High,2024-04-19,2024-05-16,1495,7.93,11855.35,Net 90,Sea,4780.0,22.3,78.3,4,1,2024-05-24,8,Partial,1
PO-2024-000996,SUP-024,Supplier Generic 24,Thailand,Component,Low,2024-02-29,2024-03-21,603,5.83,3515.49,Net 60,Sea,2149.6,11.9,99.0,5,0,2024-03-19,-2,Complete,0
PO-2024-001403,SUP-028,Supplier Generic 28,indonesia,Raw Material,Low,2024-12-14,2024-12-20,658,18.99,12495.42,Net 30,Courier,356.0,4.4,83.4,6,1,2024-12-18,-2,Complete,0
PO-2024-002304,SUP-038,Supplier Generic 38,China,Packaging,Low,2024-12-16,2025-01-08,177,9.71,1718.67,Net 90,Sea,3369.0,19.9,70.2,9,1,2025-01-08,0,Complete,0
PO-2024-002441,SUP-039,Supplier Generic 39,Indonesia,Component,Medium,2024-10-15,2024-10-17,2347,14.6,34266.2,COD,Land,344.8,2.9,79.9,5,0,2024-10-16,-1,Complete,0
PO-2024-002096,SUP-015,KL Electronic Parts,China,Raw Material,Low,2024-07-09,2024-08-03,551,5.89,3245.39,COD,Sea,3262.8,19.7,79.7,7,0,2024-07-31,-3,Complete,0
PO-2024-001035,SUP-047,Supplier Generic 47,China,Raw Material,High,2024-10-13,2024-10-29,190,3.56,676.4,Net 30,Sea,3376.6,11.1,49.4,6,0,2024-11-09,11,Complete,1
PO-2024-000103,SUP-034,Supplier Generic 34,China,MRO,Low,2024-10-15,2024-11-06,457,29.51,13486.07,Net 30,Sea,3094.7,17.8,81.6,2,0,2024-11-05,-1,Complete,0
PO-2024-000536,SUP-021,Supplier Generic 21,USA,Component,Low,2024-11-18,2024-12-11,1875,17.46,32737.5,Net 30,Air,13800.8,27.5,76.2,4,1,2024-12-08,-3,Complete,0
PO-2024-002267,SUP-041,Supplier Generic 41,China,MRO,Medium,2024-06-18,2024-07-13,609,,,COD,Sea,3400.4,18.1,43.3,6,0,2024-07-15,2,Complete,1
PO-2024-000995,SUP-018,PT Bumi Kemasan Lestari,INDONESIA,Component,High,2024-07-27,2024-08-02,1022,10.27,10495.94,Net 60,Land,293.2,6.3,51.1,8,0,2024-08-07,5,Complete,1
PO-2024-002114,SUP-007,Global Parts Co.,USA,MRO,Medium,2024-05-18,2024-06-23,216,8.11,1751.76,Net 90,Sea,14435.3,30.2,59.5,10,0,2024-06-29,6,Complete,1
PO-2024-000665,SUP-050,Supplier Generic 50,Indonesia,Component,High,2024-04-12,2024-04-20,642,19.84,12737.28,Net 60,Land,359.1,6.2,78.9,6,1,2024-04-17,-3,Complete,0
PO-2024-001554,SUP-049,Supplier Generic 49,Japan,Component,Low,2024-05-07,2024-06-05,1041,4.35,4528.35,Net 60,Sea,5787.1,20.2,40.0,8,0,2024-06-05,0,Pending,0
PO-2024-002025,SUP-010,Deutsche Praezisionsteile GmbH,China,MRO,Low,2024-11-11,2024-11-27,996,12.61,12559.56,Net 60,Air,3169.8,17.0,64.2,6,1,2024-11-27,0,Complete,0
PO-2024-000307,SUP-044,Supplier Generic 44,China,Component,Medium,2024-02-14,2024-03-01,762,4.48,3413.76,Net 30,Air,3171.2,18.9,76.0,4,0,2024-03-01,0,Complete,0
PO-2024-000858,SUP-041,Supplier Generic 41,China,Raw Material,High,2024-10-26,2024-11-19,511,5.66,2892.26,COD,Sea,3289.0,18.1,43.3,8,0,2024-11-18,-1,Complete,0
PO-2024-001261,SUP-047,Supplier Generic 47,China,Packaging,Low,2024-11-13,2024-11-29,390,17.93,6992.7,Net 90,Sea,2719.7,11.1,49.4,3,1,2024-11-27,-2,Complete,0
PO-2024-001862,SUP-023,Supplier Generic 23,India,Component,High,2024-10-30,2024-11-11,1319,6.36,8388.84,COD,Air,4947.9,17.2,48.9,10,0,2024-11-13,2,Complete,1
PO-2024-001462,SUP-025,Supplier Generic 25,South Korea,Component,Low,2024-09-02,2024-09-19,175,26.03,4555.25,Net 30,Air,5757.0,22.0,76.1,5,0,2024-09-19,0,Complete,0
PO-2024-000398,SUP-015,KL Electronic Parts,China,Raw Material,Low,2024-01-09,2024-01-25,1125,,,Net 30,Air,2868.4,19.7,79.7,9,0,2024-01-23,-2,Complete,0
PO-2024-002389,SUP-036,Supplier Generic 36,Indonesia,Raw Material,Low,2024-10-09,2024-10-11,4781,5.75,27490.75,Net 90,Courier,334.3,3.4,40.0,5,0,2024-10-09,-2,Complete,0
PO-2024-000397,SUP-010,Deutsche Praezisionsteile GmbH, China ,Raw Material,High,2024-12-10,2024-12-25,1424,4.91,6991.84,Net 30,Air,3265.3,17.0,64.2,2,1,2024-12-22,-3,Complete,0
PO-2024-001168,SUP-043,Supplier Generic 43,Japan,Component,Medium,2024-04-29,2024-05-19,509,21.75,11070.75,Net 60,Sea,5554.3,18.0,63.2,8,1,2024-05-17,-2,Complete,0
PO-2024-001916,SUP-035,Supplier Generic 35,China,Component,Low,2024-01-21,2024-02-07,669,8.82,5900.58,Net 30,Sea,3035.9,14.5,80.7,7,0,2024-02-06,-1,Complete,0
PO-2024-002429,SUP-039,Supplier Generic 39,Indonesia,Component,Medium,2024-03-30,2024-04-02,320,48.56,15539.2,Net 30,Land,329.9,2.9,,5,1,2024-03-31,-2,Complete,0
PO-2024-000196,SUP-010,Deutsche Praezisionsteile GmbH,China,MRO,High,2024-01-28,2024-02-11,666,4.29,2857.14,Net 60,Air,3720.7,17.0,64.2,9,0,2024-02-10,-1,Complete,0
PO-2024-000007,SUP-043,Supplier Generic 43,Japan,MRO,Low,2024-08-04,2024-08-28,167,7.96,1329.32,Net 60,Sea,5075.5,18.0,63.2,3,0,2024-08-25,-3,Complete,0
PO-2024-001329,SUP-014,Chennai Steel Works,South Korea,Component,Low,2024-03-07,2024-04-01,2960,6.35,18796.0,Net 30,Sea,5470.8,22.9,73.9,5,1,2024-03-29,-3,Complete,0
PO-2024-001433,SUP-043,Supplier Generic 43,Japan,Component,Medium,2024-07-14,2024-08-06,477,7.67,3658.59,Net 60,Sea,6750.2,18.0,63.2,10,0,2024-08-06,0,Complete,0
PO-2024-001061,SUP-017,PT Prima Rekayasa Komponen,Vietnam,Packaging,Low,2024-10-23,2024-11-08,339,3.41,1155.99,Net 30,Air,2563.5,19.5,65.3,9,0,2024-11-05,-3,Complete,0
PO-2024-000478,SUP-036,Supplier Generic 36,Indonesia,Component,Low,2024-05-12,2024-05-16,392,8.64,3386.88,Net 60,Land,300.6,3.4,40.0,9,0,2024-05-16,0,Complete,0
PO-2024-002031,SUP-012,Seoul Alloy Industries,Malaysia,MRO,Low,2024-01-01,2024-01-04,166,5.06,839.96,COD,Air,2074.2,6.8,96.6,5,0,2024-01-03,-1,Complete,0
PO-2024-002062,SUP-046,Supplier Generic 46,South Korea,Raw Material,Medium,2024-02-04,2024-03-03,1912,4.22,8068.64,Net 60,Sea,4537.2,20.8,93.5,6,0,2024-03-02,-1,Complete,0
PO-2024-001407,SUP-030,Supplier Generic 30,Japan,Component,High,2024-06-25,2024-07-22,248,13.02,3228.96,COD,Sea,5624.6,22.3,78.3,6,0,2024-07-20,-2,Complete,0
PO-2024-002222,SUP-037,Supplier Generic 37,Indonesia,Raw Material,High,2024-08-29,2024-09-07,804,35.17,28276.68,Net 60,Land,371.4,9.5,88.9,4,0,2024-09-06,-1,Complete,0
PO-2024-002089,SUP-009,Hanoi Component Supply,Indonesia,Packaging,Medium,2024-03-19,2024-03-26,2814,14.06,39564.84,Net 90,Land,348.3,7.6,90.8,5,1,2024-03-23,-3,Complete,0
PO-2024-000562,SUP-039,Supplier Generic 39,Indonesia,Component,Medium,2024-04-20,2024-04-22,747,13.42,10024.74,Net 90,Courier,357.2,2.9,79.9,2,1,2024-04-22,0,Complete,0
PO-2024-000675,SUP-016,PT Cahaya Logistik Industri,indonesia,Packaging,Medium,2024-09-03,2024-09-11,1443,4.86,7012.98,Net 60,Land,310.6,10.2,67.7,8,0,2024-09-11,0,Complete,0
PO-2024-001160,SUP-007,Global Parts Co.,USA,Component,High,2024-02-02,2024-03-07,153,9.25,1415.25,Net 30,Sea,17142.9,30.2,59.5,2,0,2024-03-06,-1,Complete,0
PO-2024-000109,SUP-032,Supplier Generic 32,India,Raw Material,High,2024-09-14,2024-10-01,516,10.29,5309.64,Net 30,Air,5204.9,19.2,90.1,1,0,2024-09-30,-1,Complete,0
PO-2024-001165,SUP-020,PT Wijaya Sparepart Utama,Germany,Packaging,Low,2024-06-21,2024-07-19,1775,17.77,31541.75,COD,Sea,9833.8,23.3,57.9,9,0,2024-07-21,2,Complete,1
PO-2024-001985,SUP-045,Supplier Generic 45,South Korea,Packaging,Low,2024-04-09,2024-05-07,2615,7.75,20266.25,Net 60,Sea,5454.6,22.5,72.4,2,1,2024-05-04,-3,Complete,0
PO-2024-001779,SUP-021,Supplier Generic 21,USA,Raw Material,Medium,2024-05-15,2024-06-21,592,51.33,30387.36,Net 90,Sea,17033.9,27.5,76.2,8,0,2024-06-18,-3,Complete,0
PO-2024-001234,SUP-017,PT Prima Rekayasa Komponen,Vietnam,Component,Low,2024-11-29,2024-12-24,43,13.04,560.72,Net 60,Sea,2870.6,19.5,65.3,10,1,2024-12-29,5,Complete,1
PO-2024-001393,SUP-015,KL Electronic Parts,China,Raw Material,Low,2024-10-22,2024-11-17,639,4.26,2722.14,Net 60,Sea,3248.6,19.7,79.7,5,0,2024-11-14,-3,Complete,0
PO-2024-000817,SUP-047,Supplier Generic 47,China,Packaging,Low,2024-03-31,2024-04-11,255,13.29,3388.95,COD,Sea,4122.7,11.1,49.4,4,1,2024-04-09,-2,Complete,0
PO-2024-002252,SUP-012,Seoul Alloy Industries,Malaysia,Raw Material,Medium,2024-12-25,2025-01-07,921,7.27,6695.67,Net 30,Sea,1826.4,6.8,96.6,3,1,2025-01-05,-2,Complete,0
PO-2024-001375,SUP-045,Supplier Generic 45,South Korea,Raw Material,Medium,2024-10-04,2024-11-01,1559,73.13,114009.67,Net 60,Sea,5072.7,22.5,72.4,4,0,2024-11-01,0,Complete,0
PO-2024-000985,SUP-014,Chennai Steel Works,South Korea,Raw Material,Low,2024-05-19,2024-06-16,5094,10.36,52773.84,Net 30,Sea,5148.4,22.9,73.9,5,0,2024-06-13,-3,Complete,0
PO-2024-000676,SUP-027,Supplier Generic 27,China,Raw Material,High,2024-12-24,2025-01-20,1486,18.34,27253.24,Net 60,Sea,3784.2,20.3,50.7,8,1,2025-01-20,0,Complete,0
PO-2024-002257,SUP-030,Supplier Generic 30,Japan,Component,Medium,2024-12-29,2025-01-16,643,24.43,15708.49,Net 30,Air,5857.3,22.3,78.3,4,1,2025-01-16,0,Complete,0
PO-2024-000526,SUP-039,Supplier Generic 39,Indonesia,Component,Medium,2024-09-26,2024-09-28,2001,8.64,17288.64,Net 30,Courier,314.6,2.9,79.9,3,0,2024-10-04,6,Complete,1
PO-2024-000281,SUP-027,Supplier Generic 27,China,MRO,Medium,2024-12-03,2024-12-29,594,5.88,3492.72,Net 30,Sea,3144.9,20.3,50.7,7,1,2024-12-29,0,Complete,0
PO-2024-000172,SUP-010,Deutsche Praezisionsteile GmbH,China,Component,Medium,2024-09-30,2024-10-20,1182,17.08,20188.56,Net 30,Sea,3088.5,17.0,64.2,9,0,2024-11-01,12,Complete,1
PO-2024-000694,SUP-015,KL Electronic Parts,China,MRO,Low,2024-02-14,2024-03-09,539,4.49,2420.11,Net 30,Sea,3311.9,19.7,79.7,2,0,2024-03-10,1,Complete,1
PO-2024-002454,SUP-031,Supplier Generic 31,USA,MRO,Medium,2024-03-21,2024-04-24,6083,21.28,129446.24,COD,Sea,13273.9,30.5,89.8,4,1,2024-05-01,7,Complete,1
PO-2024-000416,SUP-034,Supplier Generic 34,China,Component,Medium,2024-09-25,2024-10-12,7028,14.69,103241.32,Net 90,Air,3180.2,17.8,81.6,10,0,2024-10-10,-2,Complete,0
PO-2024-001385,SUP-046,Supplier Generic 46,South Korea,Raw Material,High,2024-12-29,2025-01-27,1373,9.8,13455.4,Net 30,Sea,4838.2,20.8,93.5,5,1,2025-01-26,-1,Complete,0
PO-2024-001468,SUP-033,Supplier Generic 33,China,Packaging,Low,2024-01-06,2024-01-22,732,6.84,5006.88,Net 90,Sea,3408.4,13.3,81.7,5,0,2024-01-20,-2,Complete,0
PO-2024-001805,SUP-023,Supplier Generic 23,India,Component,Medium,2024-12-04,2024-12-22,526,9.31,4897.06,Net 90,air,6363.9,17.2,48.9,11,1,2025-01-05,14,Complete,1
PO-2024-002129,SUP-023,Supplier Generic 23,India,Raw Material,Medium,2024-09-30,2024-10-18,703,11.43,8035.29,Net 60,Air,5550.7,17.2,48.9,10,0,2024-10-18,0,Complete,0
PO-2024-000368,SUP-028,Supplier Generic 28,Indonesia,Component,High,2024-10-21,2024-10-25,795,19.79,15733.05,Net 60,Land,319.4,4.4,83.4,2,0,2024-10-25,0,Complete,0
PO-2024-001246,SUP-050,Supplier Generic 50,Indonesia,MRO,High,2024-03-28,2024-04-01,1134,11.95,13551.3,Net 90,Land,333.3,6.2,78.9,5,1,2024-03-30,-2,Complete,0
PO-2024-001771,SUP-013,Bangkok Packaging Solutions,Germany,Raw Material,Medium,2024-05-04,2024-06-01,475,25.51,12117.25,Net 30,Sea,12462.2,21.0,53.4,7,0,2024-06-01,0,Partial,0
PO-2024-001224,SUP-011,Tokyo Machining Corp,China,Raw Material,Medium,2024-08-07,2024-08-31,566,19.24,10889.84,Net 60,Sea ,3220.3,17.8,67.1,3,0,2024-08-30,-1,Complete,0
PO-2024-000978,SUP-020,PT Wijaya Sparepart Utama,Germany,Component,Medium,2024-05-02,2024-05-27,4563,27.23,124250.49,Net 60,Air,11047.1,23.3,57.9,5,0,2024-05-25,-2,Complete,0
PO-2024-000440,SUP-030,Supplier Generic 30,Japan,Raw Material,Low,2024-07-31,2024-08-29,804,31.88,25631.52,Net 60,Sea,6884.6,22.3,78.3,5,0,2024-09-12,14,Partial,1
PO-2024-000293,SUP-037,Supplier Generic 37,Indonesia,Packaging,High,2024-03-09,2024-03-15,606,6.17,3739.02,Net 30,Courier,353.2,9.5,88.9,5,1,2024-03-15,0,Complete,0
PO-2024-000746,SUP-016,PT Cahaya Logistik Industri,Indonesia,Packaging,High,2024-11-29,2024-12-09,839,10.0,8390.0,Net 30,Land,371.8,10.2,67.7,6,1,2024-12-07,-2,Complete,0
PO-2024-000590,SUP-034,Supplier Generic 34,China,Packaging,Low,2024-04-20,2024-05-11,1169,4.35,5085.15,Net 60,Sea,3099.0,17.8,81.6,5,1,2024-05-13,2,Complete,1
PO-2024-000041,SUP-037,Supplier Generic 37,Indonesia,Component,Medium,2024-09-13,2024-09-23,2418,15.02,36318.36,Net 60,Land,378.9,9.5,88.9,6,0,2024-09-22,-1,Complete,0
PO-2024-000276,SUP-028,Supplier Generic 28,Indonesia,Component,Low,2024-06-30,2024-07-02,114,3.38,385.32,Net 30,Land,367.1,4.4,83.4,2,0,2024-06-30,-2,Complete,0
PO-2024-002009,SUP-040,Supplier Generic 40,Japan,Raw Material,Low,2024-04-02,2024-04-25,2980,6.57,19578.6,Net 30,Air,6024.9,17.0,67.4,4,1,2024-04-24,-1,Complete,0
PO-2024-001798,SUP-038,Supplier Generic 38,China,MRO,Medium,2024-06-08,2024-07-02,463,28.14,13028.82,Net 30,Sea,3350.5,19.9,70.2,5,0,2024-07-02,0,Complete,0
PO-2024-000737,SUP-003,PT Baja Presisi Indonesia, Thailand ,Raw Material,Medium,2024-08-12,2024-08-24,767,40.64,31170.88,Net 60,Air,2253.5,14.9,78.5,7,0,2024-09-06,13,Complete,1
PO-2024-001115,SUP-018,PT Bumi Kemasan Lestari,Indonesia,Packaging,Medium,2024-10-12,2024-10-21,2380,7.91,18825.8,Net 30,Land,373.4,6.3,51.1,7,0,2024-10-19,-2,Complete,0
PO-2024-000509,SUP-021,Supplier Generic 21,USA,Packaging,Low,2024-05-06,2024-06-07,671,29.23,19613.33,Net 30,Sea,15042.9,27.5,76.2,5,0,2024-06-04,-3,Complete,0
PO-2024-000465,SUP-031,Supplier Generic 31,USA,Component,High,2024-09-23,2024-10-20,985,13.57,13366.45,Net 60,Air,13517.5,30.5,89.8,5,0,2024-10-18,-2,Complete,0
PO-2024-002421,SUP-030,Supplier Generic 30,Japan,Raw Material,Medium,2024-08-13,2024-09-05,1230,8.22,10110.6,Net 30,Sea,6278.4,22.3,78.3,5,0,2024-09-03,-2,Complete,0
PO-2024-000057,SUP-001,PT Sinar Logam Jaya,South Korea,Raw Material,High,2024-10-20,2024-11-12,2162,5.94,12842.28,Net 30,Sea,4683.7,18.3,85.9,4,0,2024-11-09,-3,Complete,0
PO-2024-000750,SUP-006,PT Sumber Teknik Mandiri,India,MRO,Low,2024-06-13,2024-07-07,506,13.55,6856.3,Net 30,Sea,4966.0,18.0,87.2,2,0,2024-07-07,0,Complete,0
PO-2024-001904,SUP-048,Supplier Generic 48,Indonesia,Component,High,2024-11-05,2024-11-12,200,26.09,5218.0,Net 30,Land,315.6,5.9,96.4,4,1,2024-11-10,-2,Complete,0
PO-2024-001832,SUP-030,Supplier Generic 30,Japan,MRO,Medium,2024-08-19,2024-09-16,154,7.97,1227.38,Net 30,Sea,6693.8,22.3,78.3,8,0,2024-09-16,0,Complete,0
PO-2024-000853,SUP-046,Supplier Generic 46,South Korea,Packaging,Medium,2024-02-23,2024-03-10,413,8.79,3630.27,Net 90,Air,4891.5,20.8,93.5,7,0,2024-03-10,0,Complete,0
PO-2024-001755,SUP-045,Supplier Generic 45,South Korea,Raw Material,Low,2024-10-10,2024-11-06,294,18.19,5347.86,COD,Sea,5216.2,22.5,72.4,7,0,2024-11-06,0,Complete,0
PO-2024-000580,SUP-026,Supplier Generic 26,Indonesia,Component,Low,2024-02-20,2024-02-24,863,7.88,6800.44,Net 30,Courier,307.4,2.0,83.4,4,0,2024-02-24,0,Complete,0
PO-2024-001714,SUP-014,Chennai Steel Works,South Korea,Raw Material,Low,2024-06-07,2024-07-08,3086,7.75,23916.5,Net 60,Sea,5006.7,22.9,73.9,4,0,2024-07-06,-2,Complete,0
PO-2024-001280,SUP-001,PT Sinar Logam Jaya,South Korea,Component,Medium,2024-03-12,2024-04-05,694,14.09,9778.46,Net 60,Sea,5136.4,18.3,85.9,4,1,2024-04-03,-2,Complete,0
PO-2024-002171,SUP-047,Supplier Generic 47,China,Component,Low,2024-10-29,2024-11-13,1160,6.22,7215.2,Net 90,Sea,3857.3,11.1,49.4,11,0,2024-11-13,0,Complete,0
PO-2024-001929,SUP-023,Supplier Generic 23,India,MRO,Medium,2024-06-22,2024-07-14,1348,10.57,14248.36,COD,Sea,4281.4,17.2,48.9,5,0,2024-07-11,-3,Complete,0
PO-2024-000051,SUP-031,Supplier Generic 31,USA,Raw Material,Medium,2024-03-19,2024-04-22,2637,12.16,32065.92,Net 60,Sea,17304.5,30.5,89.8,6,1,2024-04-28,6,Complete,1
PO-2024-001614,SUP-008,Shenzhen Precision Metals,South Korea,Packaging,Medium,2024-11-04,2024-11-26,313,102.43,32060.59,Net 60,Sea,5027.8,14.4,61.0,7,1,2024-11-28,2,Complete,1
PO-2024-001379,SUP-009,Hanoi Component Supply,Indonesia,Raw Material,High,2024-12-03,2024-12-11,275,6.19,1702.25,Net 30,Land,349.2,7.6,90.8,4,1,2024-12-11,0,Complete,0
PO-2024-002430,SUP-028,Supplier Generic 28,Indonesia,Component,Low,2024-12-12,2024-12-15,637,3.61,2299.57,Net 90,Land,342.9,4.4,83.4,3,1,2024-12-27,12,Complete,1
PO-2024-002341,SUP-041,Supplier Generic 41,China,Raw Material,Low,2024-11-19,2024-12-13,404,7.95,3211.8,Net 90,Sea,3180.3,18.1,43.3,6,1,2024-12-17,4,Complete,1
PO-2024-000066,SUP-032,Supplier Generic 32,India,Raw Material,High,2024-02-01,2024-02-26,1518,22.55,34230.9,Net 60,Sea,5483.9,19.2,90.1,4,0,2024-02-24,-2,Complete,0
PO-2024-000486,SUP-024,Supplier Generic 24,Thailand,Component,Medium,2024-11-02,2024-11-12,1059,97.78,103549.02,Net 60,Air,2268.2,11.9,99.0,3,1,2024-11-10,-2,Partial,0
PO-2024-002264,SUP-024,Supplier Generic 24,Thailand,Component,High,2024-08-13,2024-08-31,523,75.37,39418.51,Net 90,Sea,2257.7,11.9,99.0,6,0,2024-08-30,-1,Complete,0
PO-2024-000847,SUP-013,Bangkok Packaging Solutions,Germany,Component,Low,2024-08-25,2024-09-22,451,12.63,5696.13,Net 60,Sea,11055.4,21.0,53.4,10,0,2024-09-19,-3,Complete,0
PO-2024-001684,SUP-037,Supplier Generic 37,Indonesia,Component,Low,2024-04-21,2024-04-28,425,17.68,7514.0,Net 60,Courier,340.4,9.5,88.9,1,1,2024-04-26,-2,Complete,0
PO-2024-002067,SUP-039,Supplier Generic 39,Indonesia,MRO,Low,2024-03-16,2024-03-18,1885,25.31,47709.35,,Courier,365.0,2.9,79.9,7,1,2024-03-17,-1,Complete,0
PO-2024-001482,SUP-044,Supplier Generic 44,China,Raw Material,High,2024-02-17,2024-03-12,718,6.8,4882.4,Net 60,Sea,3034.5,18.9,,9,0,2024-03-23,11,Complete,1
PO-2024-001710,SUP-029,Supplier Generic 29,Indonesia,Component,Medium,2024-07-17,2024-07-30,1812,8.31,15057.72,Net 30,Land,327.2,8.5,40.0,5,0,2024-07-28,-2,Complete,0
PO-2024-001027,SUP-023,Supplier Generic 23,India,Component,Medium,2024-07-11,2024-08-04,640,42.68,27315.2,Net 30,Sea,4621.6,17.2,48.9,5,0,2024-08-02,-2,Complete,0
PO-2024-002232,SUP-025,Supplier Generic 25,South Korea,Raw Material,High,2024-01-14,2024-02-09,1636,8.1,13251.6,Net 30,Sea,5817.5,22.0,76.1,5,0,2024-02-06,-3,Complete,0
PO-2024-000482,SUP-050,Supplier Generic 50,Indonesia,Packaging,Low,2024-11-11,2024-11-13,4437,8.49,37670.13,Net 30,Courier,326.4,6.2,78.9,6,1,2024-11-13,0,Complete,0
PO-2024-001954,SUP-049,Supplier Generic 49,Japan,MRO,Medium,2024-04-30,2024-05-24,166,64.93,10778.38,Net 60,Sea,6284.3,20.2,40.0,5,1,2024-05-22,-2,Complete,0
PO-2024-002234,SUP-026,Supplier Generic 26,indonesia,Raw Material,High,2024-10-29,2024-11-02,2664,11.01,29330.64,Net 30,Land,320.8,2.0,83.4,3,0,2024-11-01,-1,Complete,0
PO-2024-002141,SUP-029,Supplier Generic 29,Indonesia,Raw Material,Low,2024-01-05,2024-01-14,277,14.59,4041.43,COD,Land,307.3,8.5,40.0,8,0,2024-01-14,0,Complete,0
PO-2024-000564,SUP-044,Supplier Generic 44,China,Raw Material,Medium,2024-05-05,2024-05-28,286,12.91,3692.26,COD,Sea,3873.8,18.9,76.0,7,0,2024-05-25,-3,Complete,0
PO-2024-000082,SUP-023,Supplier Generic 23, India ,Raw Material,Low,2024-05-28,2024-06-18,261,5.91,1542.51,Net 60,Sea ,4962.1,17.2,48.9,6,0,2024-06-19,1,Complete,1
PO-2024-000624,SUP-021,Supplier Generic 21,USA,Component,Medium,2024-07-04,2024-07-30,3025,13.68,41382.0,,Air,17830.7,27.5,76.2,5,0,2024-07-27,-3,Complete,0
PO-2024-000220,SUP-048,Supplier Generic 48,Indonesia,Packaging,High,2024-02-07,2024-02-13,985,17.62,17355.7,Net 60,Land,361.2,5.9,96.4,7,0,2024-02-13,0,Complete,0
PO-2024-001419,SUP-023,Supplier Generic 23,India,MRO,Medium,2024-11-08,2024-11-22,1124,6.1,6856.4,Net 30,Air,4893.2,17.2,48.9,7,1,2024-11-20,-2,Complete,0
PO-2024-000547,SUP-023,Supplier Generic 23,India,Component,Medium,2024-12-09,2024-12-31,1171,8.77,10269.67,Net 90,Sea,5003.9,17.2,48.9,10,1,2025-01-08,8,Complete,1
PO-2024-000621,SUP-032,Supplier Generic 32,India,MRO,Low,2024-06-30,2024-07-16,1595,3.52,5614.4,Net 30,Air,5029.0,19.2,90.1,1,0,2024-07-14,-2,Complete,0
PO-2024-000841,SUP-045,Supplier Generic 45,South Korea,MRO,Medium,2024-05-14,2024-06-03,751,27.53,20675.03,Net 60,Air,5140.0,22.5,72.4,3,0,2024-06-03,0,Partial,0
PO-2024-002345,SUP-013,Bangkok Packaging Solutions,Germany,Raw Material,Medium,2024-11-09,2024-12-04,1265,11.47,14509.55,Net 90,Sea,11598.3,21.0,53.4,8,1,2024-12-06,2,Complete,1
PO-2024-000603,SUP-023,Supplier Generic 23,India,Component,Low,2024-03-06,2024-03-21,12377,48.15,595952.55,Net 60,air,4280.3,17.2,48.9,6,1,2024-04-04,14,Complete,1
PO-2024-000286,SUP-037,Supplier Generic 37,Indonesia,Component,Low,2024-09-26,2024-10-02,1963,6.58,12916.54,Net 90,Courier ,346.7,9.5,88.9,5,0,2024-09-29,-3,Complete,0
PO-2024-001323,SUP-050,Supplier Generic 50, Indonesia ,Raw Material,Medium,2024-12-27,2025-01-07,1265,5.97,7552.05,Net 60,Land,367.6,6.2,78.9,2,1,2025-01-15,8,Complete,1
PO-2024-000829,SUP-012,Seoul Alloy Industries,Malaysia,Raw Material,Low,2024-06-27,2024-07-10,865,47.39,40992.35,Net 60,Sea,1709.5,6.8,96.6,5,0,2024-07-08,-2,Complete,0
PO-2024-000713,SUP-014,Chennai Steel Works,South Korea,Component,High,2024-08-25,2024-09-21,2684,17.45,46835.8,Net 30,Sea,5131.9,22.9,73.9,8,0,2024-09-18,-3,Complete,0
PO-2024-000907,SUP-047,Supplier Generic 47,China,Raw Material,High,2024-12-08,2024-12-17,335,13.48,4515.8,Net 60,Air,3258.9,11.1,49.4,4,1,2024-12-21,4,Complete,1
PO-2024-000298,SUP-016,PT Cahaya Logistik Industri,Indonesia,Component,Low,2024-12-25,2025-01-04,1963,9.51,18668.13,Net 60,Land,313.5,10.2,67.7,6,1,2025-01-07,3,Complete,1
PO-2024-001919,SUP-005,PT Anugerah Kemasan,Indonesia,MRO,High,2024-03-23,2024-03-25,1844,12.59,23215.96,Net 90,Courier,395.1,2.0,98.1,3,1,2024-03-25,0,Pending,0
PO-2024-001360,SUP-021,Supplier Generic 21,USA,Component,Low,2024-04-01,2024-04-28,822,8.13,6682.86,Net 60,Air,12966.1,27.5,76.2,6,1,2024-04-27,-1,Complete,0
PO-2024-002032,SUP-041,Supplier Generic 41,China,Packaging,Low,2024-06-04,2024-06-25,428,13.79,5902.12,Net 30,Sea,2367.5,18.1,43.3,14,0,2024-07-03,8,Complete,1
PO-2024-002449,SUP-007,Global Parts Co.,USA,Component,Low,2024-12-08,2025-01-11,1010,13.55,13685.5,COD,Sea,16578.5,30.2,59.5,6,1,2025-01-13,2,Complete,1
PO-2024-001317,SUP-005,PT Anugerah Kemasan,Indonesia,Component,Medium,2024-07-20,2024-07-22,441,6.75,2976.75,Net 60,Courier,355.5,2.0,98.1,3,0,2024-07-19,-3,Complete,0
PO-2024-001857,SUP-037,Supplier Generic 37,Indonesia,Raw Material,Medium,2024-03-02,2024-03-11,264,14.03,3703.92,Net 60,Courier,386.2,9.5,88.9,6,1,2024-03-08,-3,Complete,0
PO-2024-002478,SUP-010,Deutsche Praezisionsteile GmbH,China,Packaging,Medium,2024-10-27,2024-11-18,220,2.92,642.4,Net 30,Sea,2932.9,17.0,64.2,7,0,2024-11-23,5,Complete,1
PO-2024-000369,SUP-011,Tokyo Machining Corp,China,Raw Material,High,2024-06-06,2024-06-29,400,12.26,4904.0,Net 90,Sea,2785.8,17.8,67.1,6,0,2024-06-28,-1,Complete,0
PO-2024-000127,SUP-046,Supplier Generic 46,SOUTH KOREA,Raw Material,Medium,2024-03-19,2024-04-12,2288,6.66,15238.08,Net 30,Sea,5229.2,20.8,93.5,4,1,2024-04-19,7,Complete,1
PO-2024-002372,SUP-009,Hanoi Component Supply,Indonesia,Component,High,2024-12-25,2025-01-01,4221,16.99,71714.79,Net 90,Land,413.2,7.6,90.8,5,1,2024-12-30,-2,Complete,0
PO-2024-000195,SUP-039,Supplier Generic 39,Indonesia,Raw Material,Low,2024-12-22,2024-12-25,865,13.0,11245.0,Net 90,Land,317.2,2.9,79.9,7,1,2024-12-23,-2,Complete,0
PO-2024-001777,SUP-047,Supplier Generic 47,China,MRO,Low,2024-12-10,2024-12-23,755,11.35,8569.25,Net 30,Air,3527.7,11.1,49.4,8,1,2024-12-27,4,Complete,1
PO-2024-001682,SUP-015,KL Electronic Parts,China,Raw Material,Medium,2024-08-01,2024-08-21,1378,26.64,36709.92,COD,air,3657.6,19.7,79.7,3,0,2024-08-29,8,Complete,1
PO-2024-001295,SUP-025,Supplier Generic 25,South Korea,Raw Material,Medium,2024-12-27,2025-01-17,442129,14.37,15533.97,Net 60,Air,4758.3,22.0,76.1,5,1,2025-01-17,0,Complete,0
PO-2024-001129,SUP-038,Supplier Generic 38,China,Raw Material,Medium,2024-09-10,2024-10-02,2690,8.8,23672.0,Net 30,Sea,3700.1,19.9,70.2,10,0,2024-10-01,-1,Complete,0
PO-2024-001044,SUP-030,Supplier Generic 30,Japan,Raw Material,Low,2024-08-26,2024-09-15,382,11.71,4473.22,COD,Air,5960.2,22.3,78.3,3,0,2024-09-12,-3,Complete,0
PO-2024-001719,SUP-023,Supplier Generic 23,India,MRO,Medium,2024-10-05,2024-10-17,621,8.31,5160.51,Net 30,Air,4545.0,17.2,48.9,3,0,2024-10-14,-3,Complete,0
PO-2024-000209,SUP-013,Bangkok Packaging Solutions,Germany,Raw Material,Medium,2024-09-20,2024-10-17,351,6.28,2204.28,Net 30,Sea,11830.4,21.0,53.4,10,0,2024-10-20,3,Partial,1
PO-2024-002358,SUP-040,Supplier Generic 40,Japan,Component,Low,2024-08-13,2024-09-02,821,14.49,11896.29,Net 30,Sea,6634.1,17.0,67.4,5,0,2024-09-02,0,Complete,0
PO-2024-001211,SUP-018,PT Bumi Kemasan Lestari,Indonesia,Raw Material,High,2024-10-03,2024-10-11,604,10.35,6251.4,COD,Land,326.2,6.3,51.1,9,0,2024-10-09,-2,Pending,0
PO-2024-000748,SUP-003,PT Baja Presisi Indonesia,Thailand,Component,Low,2024-09-30,2024-10-14,4374,4.81,21038.94,Net 60,Air,2343.0,14.9,78.5,9,0,2024-10-12,-2,Complete,0
PO-2024-000646,SUP-004,PT Karya Plastik Sejahtera,Japan,Component,High,2024-03-27,2024-04-18,462,9.32,4305.84,Net 30,Sea,5821.3,18.9,59.3,8,1,2024-04-18,0,Complete,0
PO-2024-001256,SUP-047,Supplier Generic 47,China,Raw Material,Low,2024-04-03,2024-04-12,435,32.84,14285.4,Net 90,Air,3410.5,11.1,49.4,6,1,2024-04-10,-2,Complete,0
PO-2024-001939,SUP-043,Supplier Generic 43,Japan,Packaging,Low,2024-08-15,2024-09-01,165,47.15,7779.75,Net 60,Air,5226.7,18.0,63.2,6,0,2024-08-31,-1,Complete,0
PO-2024-000725,SUP-039,Supplier Generic 39,Indonesia,Raw Material,Medium,2024-12-06,2024-12-08,248,15.89,3940.72,Net 90,Land,328.2,2.9,79.9,4,1,2024-12-15,7,Complete,1
PO-2024-002079,SUP-004,PT Karya Plastik Sejahtera,Japan,Component,Low,2024-09-20,2024-10-15,1496,5.5,8228.0,COD,Sea,5388.7,18.9,,7,0,2024-10-12,-3,Complete,0
PO-2024-002098,SUP-049,Supplier Generic 49,Japan,Raw Material,Low,2024-10-26,2024-11-22,686,38.33,26294.38,Net 60,Sea,6535.0,20.2,40.0,8,0,2024-12-02,10,Complete,1
PO-2024-000640,SUP-025,Supplier Generic 25,South Korea,Component,Medium,2024-08-27,2024-09-23,158,4.83,763.14,Net 30,Sea,5431.1,22.0,76.1,8,0,2024-09-21,-2,Pending,0
PO-2024-000830,SUP-030,Supplier Generic 30,Japan,MRO,Low,2024-04-25,2024-05-16,1008,6.02,6068.16,Net 90,Air,5879.4,22.3,78.3,4,1,2024-05-14,-2,Complete,0
PO-2024-001507,SUP-002,PT Mitra Komponen Nusantara,China,Raw Material,Medium,2024-09-14,2024-10-07,212,27.89,5912.68,Net 60,Sea,3529.3,18.5,59.4,10,0,2024-10-04,-3,Complete,0
PO-2024-002308,SUP-010,Deutsche Praezisionsteile GmbH,China,Packaging,Low,2024-06-10,2024-07-01,762,13.96,10637.52,COD,Sea,3208.8,17.0,64.2,8,0,2024-06-28,-3,Complete,0
PO-2024-000556,SUP-006,PT Sumber Teknik Mandiri,India,Raw Material,Low,2024-10-09,2024-11-02,768,16.12,12380.16,Net 30,Sea,4089.3,18.0,87.2,5,0,2024-11-01,-1,Complete,0
PO-2024-000125,SUP-015,KL Electronic Parts,China,Component,Low,2024-07-06,2024-07-31,316,4.12,1301.92,Net 30,Sea,3088.5,19.7,79.7,3,0,2024-07-30,-1,Complete,0
PO-2024-001708,SUP-042,Supplier Generic 42,South Korea,Packaging,Low,2024-05-04,2024-05-26,433,3.79,1641.07,Net 30,Sea,5046.4,15.4,64.2,11,0,2024-05-25,-1,Complete,0
PO-2024-001730,SUP-045,Supplier Generic 45,South Korea,MRO,Medium,2024-02-27,2024-03-28,505,39.42,19907.1,Net 60,Sea,5090.5,22.5,72.4,4,0,2024-03-28,0,Complete,0
PO-2024-000878,SUP-001,PT Sinar Logam Jaya,South Korea,Packaging,Medium,2024-05-29,2024-06-22,6398,11.76,75240.48,Net 30,Sea,5252.5,18.3,85.9,4,0,2024-06-20,-2,Complete,0
PO-2024-000560,SUP-036,Supplier Generic 36,Indonesia,Component,Medium,2024-11-26,2024-11-30,247,41.37,10218.39,Net 30,Land,309.4,3.4,40.0,8,1,2024-12-05,5,Complete,1
PO-2024-001816,SUP-041,Supplier Generic 41,China,Raw Material,Low,2024-11-28,2024-12-14,3572,3.5,12502.0,Net 60,Air,3492.5,18.1,43.3,12,1,2024-12-16,2,Complete,1
PO-2024-002136,SUP-020,PT Wijaya Sparepart Utama,Germany,MRO,Medium,2024-02-25,2024-03-14,582,4.63,2694.66,Net 30,Air,10604.7,23.3,57.9,3,0,2024-03-24,10,Complete,1
PO-2024-000997,SUP-044,Supplier Generic 44,China,Raw Material,Low,2024-07-08,2024-07-27,1098,5.74,6302.52,Net 30,Air,3256.7,18.9,76.0,5,0,2024-07-26,-1,Complete,0
PO-2024-002395,SUP-027,Supplier Generic 27,China,Raw Material,Low,2024-01-10,2024-01-29,296,4.33,1281.68,Net 90,Air,2517.5,20.3,50.7,15,0,2024-01-26,-3,Partial,0
PO-2024-002016,SUP-027,Supplier Generic 27,China,MRO,Low,2024-10-14,2024-11-09,686,2.22,1522.92,,Sea ,2668.7,20.3,50.7,9,0,2024-11-15,6,Complete,1
PO-2024-001542,SUP-033,Supplier Generic 33,China,Raw Material,Medium,2024-12-09,2024-12-25,320,17.25,5520.0,Net 60,Sea,3781.5,13.3,81.7,2,1,2024-12-22,-3,Complete,0
PO-2024-001205,SUP-020,PT Wijaya Sparepart Utama,Germany,Packaging,High,2024-10-25,2024-11-20,3637,5.37,19530.69,Net 90,Sea,10742.4,23.3,57.9,5,0,2024-11-17,-3,Complete,0
PO-2024-002402,SUP-033,Supplier Generic 33,China,Component,Medium,2024-07-28,2024-08-13,295,5.81,1713.95,COD,Sea,3058.9,13.3,81.7,6,0,2024-08-13,0,Complete,0
PO-2024-001759,SUP-006,PT Sumber Teknik Mandiri,India,Raw Material,Low,2024-03-14,2024-03-27,228,15.13,3449.64,Net 60,Air,4750.1,18.0,87.2,6,1,2024-03-26,-1,Complete,0
PO-2024-001288,SUP-023,Supplier Generic 23,India,Raw Material,Low,2024-07-13,2024-08-04,713,10.54,7515.02,COD,Sea,5271.5,17.2,48.9,5,0,2024-08-04,0,Complete,0
PO-2024-002457,SUP-022,Supplier Generic 22,China,Raw Material,Medium,2024-02-22,2024-03-08,247,6.18,1526.46,Net 60,Air,3426.1,17.1,99.0,5,0,2024-03-06,-2,Complete,0
PO-2024-001993,SUP-037,Supplier Generic 37,Indonesia,MRO,Low,2024-01-25,2024-02-04,3405,16.82,57272.1,Net 60,Courier,344.9,9.5,88.9,7,0,2024-02-02,-2,Complete,0
PO-2024-001930,SUP-001,PT Sinar Logam Jaya,South Korea,Raw Material,Low,2024-10-28,2024-11-15,417,24.09,10045.53,COD,Air,3975.4,18.3,85.9,5,0,2024-11-13,-2,Complete,0
PO-2024-001413,SUP-004,PT Karya Plastik Sejahtera,Japan,MRO,Medium,2024-12-26,2025-01-20,341,17.1,5831.1,Net 30,Sea,6733.2,18.9,59.3,9,1,2025-01-19,-1,Complete,0
PO-2024-002174,SUP-010,Deutsche Praezisionsteile GmbH,China,Raw Material,Low,2024-03-10,2024-03-26,593,8.68,5147.24,Net 60,Air,3213.9,17.0,64.2,3,1,2024-03-25,-1,Complete,0
PO-2024-002318,SUP-006,PT Sumber Teknik Mandiri,india,Packaging,Low,2024-02-11,2024-03-04,224,6.31,1413.44,Net 30,Sea,4200.3,18.0,87.2,5,0,2024-03-02,-2,Complete,0
PO-2024-000454,SUP-046,Supplier Generic 46,South Korea,Component,Medium,2024-12-20,2025-01-15,233,6.69,1558.77,Net 30,Sea,5206.9,20.8,93.5,1,1,2025-01-29,14,Complete,1
PO-2024-002155,SUP-015,KL Electronic Parts,china,Packaging,High,2024-10-10,2024-11-05,364,5.76,2096.64,Net 60,Sea,3383.0,19.7,79.7,6,0,2024-11-04,-1,Complete,0
PO-2024-000426,SUP-017,PT Prima Rekayasa Komponen,Vietnam,Raw Material,Medium,2024-05-23,2024-06-13,12824,7.17,91948.08,Net 30,Sea,2062.1,19.5,65.3,8,0,2024-06-12,-1,Complete,0
PO-2024-000775,SUP-014,Chennai Steel Works,South Korea,Component,Medium,2024-05-05,2024-05-22,713,10.78,7686.14,Net 60,Air,5069.8,22.9,73.9,4,0,2024-05-21,-1,Complete,0
PO-2024-002250,SUP-030,Supplier Generic 30,Japan,Raw Material,Medium,2024-03-24,2024-04-13,93,2.03,188.79,Net 30,Air,5663.5,22.3,78.3,6,1,2024-04-11,-2,Complete,0
PO-2024-001986,SUP-040,Supplier Generic 40,Japan,Raw Material,High,2024-12-05,2024-12-26,54,5.27,284.58,COD,Sea,6137.0,17.0,67.4,4,1,2025-01-08,13,Complete,1
PO-2024-000443,SUP-020,PT Wijaya Sparepart Utama,Germany,MRO,Low,2024-10-03,2024-10-20,681,30.44,20729.64,Net 60,Air,10631.5,23.3,57.9,6,0,2024-10-18,-2,Complete,0
PO-2024-001677,SUP-031,Supplier Generic 31,USA,Packaging,Low,2024-10-12,2024-11-07,1908,35.6,67924.8,Net 30,Air,17445.7,30.5,89.8,1,0,2024-11-06,-1,Complete,0
PO-2024-000986,SUP-009,Hanoi Component Supply,Indonesia,Packaging,Medium,2024-08-06,2024-08-11,586,25.53,14960.58,Net 90,Land,412.6,7.6,90.8,3,0,2024-08-18,7,Complete,1
PO-2024-000809,SUP-031,Supplier Generic 31,USA,Component,High,2024-12-25,2025-01-21,1417,29.67,42042.39,COD,Air,15617.6,30.5,89.8,7,1,2025-01-20,-1,Complete,0
PO-2024-001218,SUP-048,Supplier Generic 48,Indonesia,Component,High,2024-06-22,2024-06-28,225,3.2,720.0,Net 30,Courier,353.4,5.9,96.4,3,0,2024-06-28,0,Complete,0
PO-2024-000271,SUP-031,Supplier Generic 31,USA,Component,Low,2024-04-22,2024-05-31,536,7.18,3848.48,Net 30,Sea,15453.6,30.5,89.8,8,1,2024-06-12,12,Complete,1
PO-2024-001144,SUP-037,Supplier Generic 37,Indonesia,Raw Material,Low,2024-05-09,2024-05-17,594,8.41,4995.54,COD,Courier,334.4,9.5,88.9,2,0,2024-05-14,-3,Complete,0
PO-2024-001562,SUP-003,PT Baja Presisi Indonesia,Thailand,Component,Low,2024-03-26,2024-04-17,561,8.84,4959.24,Net 60,Sea,2200.0,14.9,78.5,4,1,2024-04-14,-3,Complete,0
PO-2024-001622,SUP-041,Supplier Generic 41,China,Packaging,Medium,2024-10-20,2024-11-02,1295,27.68,35845.6,Net 60,Air,3177.5,18.1,43.3,10,0,2024-10-31,-2,Complete,0
PO-2024-001931,SUP-029,Supplier Generic 29,Indonesia,Raw Material,High,2024-07-30,2024-08-06,621,30.82,19139.22,Net 30,Land,326.7,8.5,40.0,6,0,2024-08-05,-1,Complete,0
PO-2024-001826,SUP-049,Supplier Generic 49,Japan,Packaging,High,2024-10-29,2024-11-21,64,8.94,572.16,Net 90,Sea,5404.2,20.2,40.0,3,0,2024-11-25,4,Complete,1
PO-2024-001250,SUP-038,Supplier Generic 38,China,Component,Low,2024-07-05,2024-07-30,1748,,,Net 90,Sea,3527.4,19.9,70.2,6,0,2024-07-27,-3,Complete,0
PO-2024-000894,SUP-007,Global Parts Co.,USA,Packaging,Low,2024-07-16,2024-08-10,817,11.35,9272.95,COD,Air,16253.2,30.2,59.5,7,0,2024-08-16,6,Complete,1
PO-2024-000709,SUP-013,Bangkok Packaging Solutions,Germany,Packaging,Low,2024-10-12,2024-10-29,963,6.1,5874.3,Net 60,Air,10924.2,21.0,53.4,6,0,2024-10-26,-3,Complete,0
PO-2024-000680,SUP-030,Supplier Generic 30,Japan,MRO,Medium,2024-06-03,2024-06-30,115,3.82,439.3,Net 60,Sea,6111.4,22.3,78.3,3,0,2024-06-29,-1,Complete,0
PO-2024-000983,SUP-018,PT Bumi Kemasan Lestari,Indonesia,Component,Low,2024-06-07,2024-06-15,1539,,,,Land,371.5,6.3,51.1,5,0,2024-06-12,-3,Complete,0
PO-2024-002015,SUP-049,Supplier Generic 49,Japan,Raw Material,Medium,2024-08-09,2024-09-05,1109,26.36,29233.24,Net 30,Sea,6095.6,20.2,40.0,6,0,2024-09-02,-3,Complete,0
PO-2024-001961,SUP-049,Supplier Generic 49,Japan,Component,High,2024-01-17,2024-02-02,702,19.29,13541.58,Net 60,Air,6066.6,20.2,40.0,11,0,2024-02-01,-1,Complete,0
PO-2024-001484,SUP-009,Hanoi Component Supply,Indonesia,MRO,Low,2024-06-18,2024-06-24,1014,30.89,31322.46,Net 60,Courier,396.3,7.6,90.8,7,0,2024-06-22,-2,Complete,0
PO-2024-001895,SUP-049,Supplier Generic 49,Japan,Packaging,Medium,2024-03-13,2024-04-09,274,22.81,6249.94,Net 30,Sea,5461.0,20.2,40.0,14,1,2024-04-06,-3,Complete,0
PO-2024-001750,SUP-010,Deutsche Praezisionsteile GmbH,China,Packaging,Low,2024-03-25,2024-04-06,260,9.6,2496.0,Net 90,Air,3344.3,17.0,64.2,7,1,2024-04-04,-2,Complete,0
PO-2024-000055,SUP-033,Supplier Generic 33,China,MRO,High,2024-01-29,2024-02-11,454,2.27,1030.58,Net 60,Air,3468.7,13.3,81.7,10,0,2024-02-16,5,Complete,1
PO-2024-001819,SUP-041,Supplier Generic 41,China,Raw Material,Low,2024-07-05,2024-07-27,497,18.99,9438.03,Net 90,Sea,3056.6,18.1,43.3,12,0,2024-07-28,1,Complete,1
PO-2024-000193,SUP-019,PT Teknindo Sukses Mandiri,South Korea,Component,Low,2024-08-08,2024-09-04,6713,5.71,38331.23,Net 30,Sea,4668.5,24.2,59.8,3,0,2024-09-18,14,Complete,1
PO-2024-000341,SUP-023,Supplier Generic 23,India,Raw Material,High,2024-07-15,2024-08-08,2273,7.91,17979.43,Net 30,sea,4879.2,17.2,48.9,5,0,2024-08-12,4,Complete,1
PO-2024-000554,SUP-003,PT Baja Presisi Indonesia,Thailand,Raw Material,Low,2024-10-29,2024-11-23,460,11.38,5234.8,COD,Sea,1879.3,14.9,78.5,3,0,2024-11-21,-2,Complete,0
PO-2024-000166,SUP-043,Supplier Generic 43,Japan,Raw Material,Medium,2024-03-14,2024-04-05,956,22.32,21337.92,Net 30,Sea,6303.8,18.0,63.2,5,1,2024-04-04,-1,Complete,0
PO-2024-001981,SUP-007,Global Parts Co.,USA,Packaging,High,2024-11-15,2024-12-22,194,6.77,1313.38,Net 30,Sea,14637.4,30.2,59.5,5,1,2024-12-22,0,Complete,0
PO-2024-000076,SUP-023,Supplier Generic 23,India,Packaging,Low,2024-03-01,2024-03-18,3294,17.08,56261.52,Net 90,Air,5363.0,17.2,48.9,6,1,2024-03-24,6,Complete,1
PO-2024-001265,SUP-033,Supplier Generic 33,China,Raw Material,Medium,2024-09-15,2024-10-02,292,22.49,6567.08,Net 60,Sea,3229.7,13.3,81.7,5,0,2024-10-04,2,Complete,1
PO-2024-000131,SUP-008,Shenzhen Precision Metals,South Korea,Component,Medium,2024-07-25,2024-08-05,7214,11.55,83321.7,Net 30,Air,4988.0,14.4,61.0,13,0,2024-08-07,2,Complete,1
PO-2024-002209,SUP-022,Supplier Generic 22,China,Component,Low,2024-05-31,2024-06-20,420,8.69,3649.8,Net 30,Sea,3452.4,17.1,99.0,7,0,2024-06-19,-1,Complete,0
PO-2024-002012,SUP-003,PT Baja Presisi Indonesia,Thailand,Component,Medium,2024-10-18,2024-10-27,135,83.31,11246.85,Net 30,Air,2193.0,14.9,78.5,7,0,2024-10-26,-1,Complete,0
PO-2024-001125,SUP-022,Supplier Generic 22,china,MRO,Low,2024-10-01,2024-10-26,139,22.56,3135.84,Net 90,Sea,3241.5,17.1,99.0,2,0,2024-10-23,-3,Complete,0
PO-2024-001178,SUP-036,Supplier Generic 36,Indonesia,Packaging,Medium,2024-04-24,2024-04-29,198,7.76,1536.48,Net 90,Land,362.2,3.4,40.0,9,1,2024-05-13,14,Complete,1
PO-2024-001973,SUP-032,Supplier Generic 32,india,Raw Material,Medium,2024-08-11,2024-09-05,196,68.86,13496.56,Net 90,Sea,5580.1,19.2,90.1,9,0,2024-09-12,7,Complete,1
PO-2024-000094,SUP-050,Supplier Generic 50,Indonesia,MRO,Low,2024-07-10,2024-07-16,407,16.71,6800.97,Net 60,Land,253.8,6.2,,5,0,2024-07-17,1,Complete,1
PO-2024-001074,SUP-038,Supplier Generic 38,China,Component,Medium,2024-08-29,2024-09-27,65,23.36,1518.4,Net 90,Sea,3840.8,19.9,70.2,6,0,2024-10-02,5,Complete,1
PO-2024-000256,SUP-021,Supplier Generic 21,USA,MRO,Low,2024-03-07,2024-03-31,819,22.4,18345.6,COD,Air,15538.3,27.5,76.2,8,1,2024-03-30,-1,Complete,0
PO-2024-002379,SUP-046,Supplier Generic 46,South Korea,Packaging,High,2024-09-20,2024-10-20,1123,58.41,65594.43,Net 60,Sea,5103.3,20.8,93.5,8,0,2024-10-20,0,Complete,0
PO-2024-001550,SUP-005,PT Anugerah Kemasan,INDONESIA,MRO,High,2024-05-29,2024-06-02,1776,17.73,31488.48,Net 60,Courier,394.8,2.0,98.1,9,0,2024-05-31,-2,Complete,0
PO-2024-002451,SUP-038,Supplier Generic 38,China,Raw Material,Low,2024-03-04,2024-03-19,805,10.37,8347.85,Net 30,air,3712.0,19.9,70.2,3,1,2024-03-17,-2,Complete,0
PO-2024-000561,SUP-033,Supplier Generic 33,CHINA,Component,Low,2024-06-06,2024-06-17,806,4.09,3296.54,Net 30,Air,3108.5,13.3,81.7,7,0,2024-06-14,-3,Complete,0
PO-2024-001147,SUP-043,Supplier Generic 43,Japan,Packaging,Medium,2024-10-04,2024-10-26,2028,19.26,39059.28,Net 60,Sea,7187.1,18.0,63.2,6,0,2024-10-26,0,Complete,0
PO-2024-000611,SUP-034,Supplier Generic 34,China,Packaging,Low,2024-02-09,2024-03-02,107,7.65,818.55,Net 30,Sea,3425.1,17.8,81.6,6,0,2024-02-28,-3,Complete,0
PO-2024-000637,SUP-025,Supplier Generic 25,South Korea,Raw Material,Low,2024-09-23,2024-10-12,1821,4.38,7975.98,Net 90,Air,5098.2,22.0,76.1,5,0,2024-10-09,-3,Complete,0
PO-2024-001882,SUP-037,Supplier Generic 37,Indonesia,MRO,Low,2024-09-16,2024-09-25,1081,8.88,9599.28,Net 30,Land,300.6,9.5,88.9,5,0,2024-09-22,-3,Complete,0
PO-2024-000349,SUP-038,Supplier Generic 38,China,Component,Low,2024-03-10,2024-03-30,674,6.52,4394.48,Net 30,Air,2574.6,19.9,70.2,10,1,2024-03-27,-3,Complete,0
PO-2024-001992,SUP-016,PT Cahaya Logistik Industri,Indonesia,MRO,Medium,2024-08-08,2024-08-16,209,21.87,4570.83,Net 30,Land,393.1,10.2,67.7,6,0,2024-08-16,0,Complete,0
PO-2024-002119,SUP-020,PT Wijaya Sparepart Utama,Germany,Raw Material,Low,2024-11-27,2024-12-17,2031,24.05,48845.55,Net 90,Air,11160.6,23.3,57.9,4,1,2024-12-19,2,Complete,1
PO-2024-000232,SUP-007,Global Parts Co.,USA,Packaging,High,2024-05-10,2024-06-14,487,9.01,4387.87,Net 60,Sea,14461.5,30.2,59.5,5,0,2024-06-22,8,Complete,1
PO-2024-001855,SUP-041,Supplier Generic 41,China,MRO,Low,2024-01-17,2024-02-06,216,42.18,9110.88,Net 60,Sea,3823.2,18.1,43.3,9,0,2024-02-06,0,Complete,0
PO-2024-002370,SUP-019,PT Teknindo Sukses Mandiri,South Korea,Raw Material,Medium,2024-12-15,2025-01-13,2268,27.45,62256.6,Net 30,Sea,5037.5,24.2,59.8,7,1,2025-01-11,-2,Complete,0
PO-2024-002322,SUP-008,Shenzhen Precision Metals,South Korea,Raw Material,Medium,2024-10-12,2024-10-23,1323,5.0,6615.0,Net 30,Air,7211.2,14.4,61.0,4,0,2024-10-23,0,Complete,0
PO-2024-001552,SUP-037,Supplier Generic 37,Indonesia,Packaging,Medium,2024-03-10,2024-03-19,1560,24.86,38781.6,Net 60,Land,354.0,9.5,88.9,3,1,2024-03-16,-3,Complete,0
PO-2024-000371,SUP-041,Supplier Generic 41,China,MRO,Low,2024-06-20,2024-07-02,370,2.84,1050.8,Net 60,Air,3502.4,18.1,43.3,10,0,2024-07-10,8,Complete,1
PO-2024-000558,SUP-034,Supplier Generic 34,China,MRO,Low,2024-04-20,2024-05-13,2520,3.26,8215.2,Net 60,Sea,3407.3,17.8,81.6,4,1,2024-05-19,6,Complete,1
PO-2024-001818,SUP-009,Hanoi Component Supply,INDONESIA,Raw Material,Medium,2024-05-22,2024-05-28,2626,14.76,38759.76,COD,Land,349.9,7.6,90.8,1,0,2024-05-25,-3,Complete,0
PO-2024-002256,SUP-003,PT Baja Presisi Indonesia,Thailand,Component,Low,2024-11-27,2024-12-16,1450,6.15,8917.5,Net 30,Sea,1987.5,14.9,78.5,1,1,2024-12-15,-1,Complete,0
PO-2024-001575,SUP-020,PT Wijaya Sparepart Utama,GERMANY,Component,Low,2024-07-15,2024-08-15,781,21.14,16510.34,Net 30,Sea,11665.2,23.3,57.9,7,0,2024-08-14,-1,Complete,0
PO-2024-001847,SUP-034,Supplier Generic 34,China,Raw Material,High,2024-10-30,2024-11-12,2028,37.37,75786.36,Net 90,Air,3699.2,17.8,81.6,2,0,2024-11-09,-3,Complete,0
PO-2024-000587,SUP-035,Supplier Generic 35,China,Packaging,Medium,2024-08-08,2024-08-17,3312,,,Net 90,Air,3742.1,14.5,80.7,7,0,2024-08-16,-1,Complete,0
PO-2024-000573,SUP-006,PT Sumber Teknik Mandiri,India,Component,Low,2024-10-01,2024-10-24,1788,13.74,24567.12,Net 60,Sea,4361.9,18.0,87.2,7,0,2024-10-21,-3,Complete,0
PO-2024-000439,SUP-016,PT Cahaya Logistik Industri,Indonesia,Packaging,Low,2024-09-05,2024-09-16,3197,10.64,34016.08,Net 60,Courier,303.6,10.2,67.7,6,0,2024-09-14,-2,Complete,0
PO-2024-001269,SUP-032,Supplier Generic 32,India,Component,Medium,2024-04-22,2024-05-10,566,11.37,6435.42,Net 60,Air,5348.8,19.2,90.1,2,1,2024-05-10,0,Complete,0
PO-2024-000651,SUP-016,PT Cahaya Logistik Industri,Indonesia,Raw Material,Medium,2024-11-28,2024-12-08,568,16.22,9212.96,Net 60,Courier,349.1,10.2,67.7,8,1,2024-12-05,-3,Complete,0
PO-2024-000241,SUP-021,Supplier Generic 21,USA,Component,Medium,2024-02-06,2024-03-10,359,17.14,6153.26,COD,Sea,15669.2,27.5,76.2,7,0,2024-03-09,-1,Complete,0
PO-2024-001334,SUP-033,Supplier Generic 33,China,Component,High,2024-03-29,2024-04-09,192,11.65,2236.8,Net 60,Air,3382.1,13.3,81.7,8,1,2024-04-08,-1,Complete,0
PO-2024-001537,SUP-013,Bangkok Packaging Solutions,Germany,Packaging,Medium,2024-03-23,2024-04-17,794,14.04,11147.76,Net 60,Sea,12633.8,21.0,53.4,8,1,2024-04-15,-2,Complete,0
PO-2024-001431,SUP-009,Hanoi Component Supply,Indonesia,MRO,Low,2024-08-29,2024-09-05,1854,6.75,12514.5,Net 30,Land,330.2,7.6,90.8,6,0,2024-09-03,-2,Complete,0
PO-2024-000570,SUP-003,PT Baja Presisi Indonesia,Thailand,Packaging,Medium,2024-03-25,2024-04-12,882,10.99,9693.18,COD,Sea,2384.2,14.9,78.5,7,1,2024-04-09,-3,Complete,0
PO-2024-001139,SUP-006,PT Sumber Teknik Mandiri,India,Component,High,2024-06-20,2024-07-13,1483,9.81,14548.23,Net 90,Sea,4237.3,18.0,87.2,2,0,2024-07-24,11,Complete,1
PO-2024-000925,SUP-037,Supplier Generic 37,Indonesia,Component,High,2024-11-25,2024-12-01,873,22.99,20070.27,Net 60,Land,356.0,9.5,88.9,6,1,2024-12-04,3,Complete,1
PO-2024-000237,SUP-031,Supplier Generic 31,USA,Component,Low,2024-04-04,2024-05-05,682,10.24,6983.68,Net 30,Air,16921.7,30.5,89.8,2,1,2024-05-05,0,Complete,0
PO-2024-002146,SUP-047,Supplier Generic 47,China,Packaging,Low,2024-06-03,2024-06-18,57,6.51,371.07,Net 30,Sea,3416.1,11.1,49.4,9,0,2024-06-16,-2,Complete,0
PO-2024-001206,SUP-027,Supplier Generic 27,China,Raw Material,High,2024-04-20,2024-05-14,2680,5.37,14391.6,Net 30,Sea,3088.4,20.3,50.7,9,1,2024-05-24,10,Partial,1
PO-2024-001769,SUP-018,PT Bumi Kemasan Lestari,Indonesia,Component,Low,2024-07-20,2024-07-25,491,8.75,4296.25,Net 30,Courier,310.5,6.3,51.1,8,0,2024-07-23,-2,Complete,0
PO-2024-002127,SUP-039,Supplier Generic 39,Indonesia,Raw Material,Low,2024-06-03,2024-06-08,122,6.44,785.68,Net 30,Land,371.2,2.9,79.9,3,0,2024-06-05,-3,Complete,0
PO-2024-001443,SUP-041,Supplier Generic 41,China,Raw Material,Low,2024-05-05,2024-05-30,7404,7.59,56196.36,Net 60,Sea,3332.4,18.1,43.3,4,0,2024-05-30,0,Complete,0
PO-2024-000971,SUP-022,Supplier Generic 22,China,Raw Material,Low,2024-06-17,2024-06-27,1075,6.11,6568.25,Net 60,Air,3837.7,17.1,99.0,3,0,2024-06-26,-1,Complete,0
PO-2024-000731,SUP-047,Supplier Generic 47,China,MRO,Medium,2024-11-09,2024-11-22,127,7.38,937.26,Net 30,Sea,3360.6,11.1,49.4,6,1,2024-12-06,14,Complete,1
PO-2024-000496,SUP-040,Supplier Generic 40,Japan,Raw Material,Low,2024-07-25,2024-08-16,852,33.22,28303.44,Net 90,Sea,5308.0,17.0,67.4,1,0,2024-08-15,-1,Complete,0
PO-2024-001146,SUP-015,KL Electronic Parts,China,Raw Material,Low,2024-01-22,2024-02-09,55,16.65,915.75,COD,Air,3624.5,19.7,79.7,4,0,2024-02-08,-1,Complete,0
PO-2024-002050,SUP-027,Supplier Generic 27,China,Packaging,Medium,2024-08-20,2024-09-06,410,19.05,7810.5,COD,Air,3281.9,20.3,50.7,7,0,2024-09-03,-3,Complete,0
PO-2024-001732,SUP-033,Supplier Generic 33,China,MRO,Low,2024-07-09,2024-07-27,861,21.16,18218.76,COD,Sea,3525.9,13.3,81.7,5,0,2024-07-25,-2,Complete,0
PO-2024-001672,SUP-049,Supplier Generic 49,Japan,MRO,Medium,2024-12-07,2024-12-24,936,6.91,6467.76,Net 90,Air,5941.4,20.2,40.0,9,1,2024-12-22,-2,Complete,0
PO-2024-000643,SUP-006,PT Sumber Teknik Mandiri,INDIA,Component,Medium,2024-04-11,2024-05-04,1251,7.0,8757.0,Net 30,Sea,4755.4,18.0,87.2,8,1,2024-05-03,-1,Complete,0
PO-2024-001405,SUP-039,Supplier Generic 39,Indonesia,Component,Low,2024-03-04,2024-03-07,494,5.44,2687.36,Net 90,Courier,343.6,2.9,79.9,4,1,2024-03-06,-1,Complete,0
PO-2024-001085,SUP-003,PT Baja Presisi Indonesia,Thailand,Component,Medium,2024-07-02,2024-07-24,2317,9.18,21270.06,Net 60,Sea,2392.6,14.9,78.5,8,0,2024-08-02,9,Complete,1
PO-2024-001589,SUP-046,Supplier Generic 46,South Korea,MRO,Medium,2024-11-16,2024-12-15,224,5.98,1339.52,Net 90,Sea ,5728.0,20.8,93.5,4,1,2024-12-14,-1,Complete,0
PO-2024-000441,SUP-007,Global Parts Co.,USA,Raw Material,High,2024-06-18,2024-07-17,1451,4.93,7153.43,Net 30,Air,13939.7,30.2,59.5,4,0,2024-07-17,0,Complete,0
PO-2024-001179,SUP-007,Global Parts Co.,usa,Raw Material,Low,2024-05-23,2024-06-25,893,9.62,8590.66,Net 90,Sea,15210.6,30.2,59.5,5,0,2024-06-24,-1,Complete,0
PO-2024-001409,SUP-038,Supplier Generic 38,China,Component,Medium,2024-08-29,2024-09-26,899,17.36,15606.64,Net 30,Sea,3237.1,19.9,70.2,6,0,2024-09-27,1,Complete,1
PO-2024-000259,SUP-008,Shenzhen Precision Metals,South Korea,Packaging,Medium,2024-12-04,2024-12-23,211,17.17,3622.87,Net 30,Sea,5788.3,14.4,61.0,7,1,2024-12-22,-1,Complete,0
PO-2024-000135,SUP-050,Supplier Generic 50,Indonesia,Packaging,High,2024-10-10,2024-10-15,332,10.6,3519.2,Net 60,Courier,353.2,6.2,78.9,6,0,2024-10-13,-2,Partial,0
PO-2024-001649,SUP-038,Supplier Generic 38, China ,MRO,Low,2024-02-06,2024-03-02,3615,10.77,38933.55,COD,Sea,3498.1,19.9,70.2,5,0,2024-02-28,-3,Complete,0
PO-2024-000958,SUP-038,Supplier Generic 38,China,Packaging,High,2024-07-12,2024-08-09,693,16.03,11108.79,Net 30,Sea,3050.0,19.9,70.2,6,0,2024-08-06,-3,Complete,0
PO-2024-001861,SUP-014,Chennai Steel Works,South Korea,Raw Material,Medium,2024-09-13,2024-10-15,939,35.76,33578.64,Net 30,Sea ,4380.7,22.9,73.9,10,0,2024-10-14,-1,Pending,0
PO-2024-000242,SUP-032,Supplier Generic 32,India,Raw Material,High,2024-02-16,2024-03-03,544,11.7,6364.8,Net 30,Air,5652.3,19.2,90.1,3,0,2024-03-02,-1,Partial,0
PO-2024-001999,SUP-026,Supplier Generic 26,Indonesia,Component,Medium,2024-03-28,2024-03-30,395,18.78,7418.1,Net 60,Land,307.5,2.0,83.4,4,1,2024-03-27,-3,Complete,0
PO-2024-001594,SUP-027,Supplier Generic 27,China,Component,Medium,2024-02-07,2024-02-22,1742,13.68,23830.56,Net 60,Air,3353.6,20.3,50.7,4,0,2024-02-19,-3,Complete,0
PO-2024-001871,SUP-019,PT Teknindo Sukses Mandiri,South Korea,Component,Medium,2024-08-12,2024-09-02,871,8.26,7194.46,Net 30,Air,4259.8,24.2,59.8,9,0,2024-08-30,-3,Complete,0
PO-2024-000170,SUP-037,Supplier Generic 37,Indonesia,Packaging,Low,2024-02-14,2024-02-21,2451,23.02,56422.02,COD,Courier,414.9,9.5,88.9,4,0,2024-02-20,-1,Complete,0
PO-2024-002206,SUP-039,Supplier Generic 39,INDONESIA,Raw Material,Low,2024-04-02,2024-04-05,1320,35.73,47163.6,Net 60,Land,367.9,2.9,79.9,8,1,2024-04-15,10,Complete,1
PO-2024-001471,SUP-016,PT Cahaya Logistik Industri,Indonesia,Raw Material,High,2024-05-21,2024-05-31,550,7.87,4328.5,Net 90,Land,347.7,10.2,67.7,4,0,2024-06-11,11,Complete,1
PO-2024-002085,SUP-040,Supplier Generic 40,Japan,Raw Material,Medium,2024-08-07,2024-08-28,505,21.37,10791.85,Net 30,sea,6136.7,17.0,67.4,4,0,2024-08-28,0,Complete,0
PO-2024-000984,SUP-049,Supplier Generic 49,Japan,Raw Material,Medium,2024-07-24,2024-08-10,1930,20.57,39700.1,Net 30,Air,6420.7,20.2,40.0,5,0,2024-08-07,-3,Complete,0
PO-2024-001221,SUP-019,PT Teknindo Sukses Mandiri,South Korea,Raw Material,Low,2024-11-05,2024-11-27,896,21.87,19595.52,Net 90,Air,4708.8,24.2,59.8,6,1,2024-11-27,0,Complete,0
PO-2024-001451,SUP-016,PT Cahaya Logistik Industri,Indonesia,Component,Low,2024-08-06,2024-08-14,266,21.16,5628.56,Net 30,Courier,372.1,10.2,67.7,4,0,2024-08-24,10,Complete,1
PO-2024-001654,SUP-009,Hanoi Component Supply,Indonesia,Component,Medium,2024-01-04,2024-01-12,103,7.46,768.38,Net 30,land,431.1,7.6,90.8,5,0,2024-01-12,0,Complete,0
PO-2024-001505,SUP-048,Supplier Generic 48,Indonesia,Packaging,High,2024-04-25,2024-04-29,98,9.18,899.64,Net 30,Land,380.2,5.9,96.4,5,1,2024-04-26,-3,Complete,0
PO-2024-002218,SUP-022,Supplier Generic 22,China,Raw Material,Medium,2024-02-09,2024-03-01,388,9.0,3492.0,Net 30,Sea,3009.0,17.1,99.0,1,0,2024-02-27,-3,Complete,0
PO-2024-001130,SUP-031,Supplier Generic 31,USA,Packaging,Medium,2024-04-08,2024-05-11,67,9.11,610.37,COD,Sea,17174.6,30.5,89.8,3,1,2024-05-09,-2,Complete,0
PO-2024-001005,SUP-005,PT Anugerah Kemasan,Indonesia,Raw Material,Low,2024-09-23,2024-09-25,767,209.58,160747.86,Net 30,Courier,333.5,2.0,98.1,6,0,2024-09-23,-2,Pending,0
PO-2024-001588,SUP-044,Supplier Generic 44,China,Raw Material,High,2024-10-06,2024-10-29,1243,21.97,27308.71,Net 30,Sea,3102.1,18.9,76.0,5,0,2024-10-26,-3,Complete,0
PO-2024-000124,SUP-046,Supplier Generic 46,South Korea,Raw Material,High,2024-04-28,2024-05-23,881,19.35,17047.35,Net 30,Sea,5128.2,20.8,93.5,3,1,2024-05-21,-2,Complete,0
PO-2024-000588,SUP-045,Supplier Generic 45,South Korea,Packaging,Medium,2024-03-26,2024-04-23,1272,19.03,24206.16,Net 30,Sea,4771.4,22.5,72.4,10,1,2024-04-21,-2,Complete,0
PO-2024-001340,SUP-019,PT Teknindo Sukses Mandiri,South Korea,Component,Medium,2024-07-14,2024-08-11,343,4.68,1605.24,Net 60,Sea,4729.5,24.2,59.8,7,0,2024-08-08,-3,Complete,0
PO-2024-001209,SUP-019,PT Teknindo Sukses Mandiri,South Korea,Packaging,Low,2024-10-29,2024-11-26,385,49.04,18880.4,Net 60,Sea,5423.1,24.2,59.8,12,0,2024-12-01,5,Complete,1
PO-2024-002445,SUP-006,PT Sumber Teknik Mandiri,India,Raw Material,Medium,2024-10-10,2024-10-26,1567,3.04,4763.68,COD,Air,4957.6,18.0,87.2,5,0,2024-10-25,-1,Complete,0
PO-2024-000202,SUP-040,Supplier Generic 40,Japan,Raw Material,Low,2024-01-31,2024-02-10,248,11.2,2777.6,Net 60,Air,4925.9,17.0,67.4,5,0,2024-02-10,0,Complete,0
PO-2024-001411,SUP-016,PT Cahaya Logistik Industri,Indonesia,Component,Medium,2024-01-31,2024-02-09,192,6.22,1194.24,,Land,317.1,10.2,67.7,6,0,2024-02-08,-1,Complete,0
PO-2024-001356,SUP-033,Supplier Generic 33,China,MRO,Low,2024-12-03,2024-12-19,1432,2.24,3207.68,Net 30,Sea,3376.2,13.3,81.7,6,1,2024-12-17,-2,Complete,0
PO-2024-000656,SUP-018,PT Bumi Kemasan Lestari,Indonesia,Component,Medium,2024-09-02,2024-09-06,152,7.61,1156.72,Net 30,Courier,389.7,6.3,51.1,13,0,2024-09-04,-2,Complete,0
PO-2024-002023,SUP-025,Supplier Generic 25,South Korea,Component,Medium,2024-10-06,2024-10-24,747243,10.07,18397.89,Net 60,Air,5383.4,22.0,76.1,6,0,2024-11-02,9,Complete,1
PO-2024-001509,SUP-021,Supplier Generic 21,USA,Raw Material,Low,2024-10-07,2024-11-07,730,42.85,31280.5,COD,Sea,11636.0,27.5,76.2,5,0,2024-11-07,0,Complete,0
PO-2024-000017,SUP-047,Supplier Generic 47,China,Component,Low,2024-11-23,2024-12-08,130,21.76,2828.8,Net 60,Sea,3655.1,11.1,49.4,7,1,2024-12-07,-1,Partial,0
PO-2024-002131,SUP-044,Supplier Generic 44,China,Packaging,Medium,2024-11-30,2024-12-20,1230,57.62,70872.6,Net 30,Sea,3454.9,18.9,76.0,5,1,2024-12-19,-1,Complete,0
PO-2024-000852,SUP-031,Supplier Generic 31,USA,Component,Low,2024-03-11,2024-04-16,145,21.35,3095.75,Net 60,Sea,15092.8,30.5,89.8,3,1,2024-04-15,-1,Complete,0
PO-2024-001398,SUP-046,Supplier Generic 46,South Korea,Component,Medium,2024-08-09,2024-08-26,721,14.69,10591.49,Net 90,Air,4920.2,20.8,93.5,2,0,2024-08-26,0,Complete,0
PO-2024-001327,SUP-038,Supplier Generic 38,China,Raw Material,Medium,2024-03-08,2024-04-01,519,3.82,1982.58,Net 30,Sea,3225.2,19.9,70.2,8,1,2024-03-31,-1,Complete,0
PO-2024-001013,SUP-023,Supplier Generic 23,India,Packaging,Low,2024-06-20,2024-06-28,426,8.6,3663.6,Net 90,Air,5434.7,17.2,48.9,8,0,2024-06-27,-1,Complete,0
PO-2024-001516,SUP-004,PT Karya Plastik Sejahtera,Japan,Raw Material,Low,2024-03-09,2024-03-27,2962,5.62,16646.44,Net 60,Air,5755.2,18.9,59.3,2,1,2024-03-27,0,Complete,0
PO-2024-002195,SUP-006,PT Sumber Teknik Mandiri,India,Packaging,High,2024-01-02,2024-01-30,328,,,Net 60,Sea,4685.0,18.0,87.2,4,0,2024-01-29,-1,Complete,0
PO-2024-000912,SUP-030,Supplier Generic 30,Japan,Component,Low,2024-06-13,2024-07-13,5085,5.08,25831.8,Net 90,Sea,6246.3,22.3,78.3,5,0,2024-07-12,-1,Complete,0
PO-2024-001172,SUP-021,Supplier Generic 21,USA,Raw Material,Medium,2024-11-04,2024-12-06,2249,8.81,19813.69,Net 30,Sea,16647.2,27.5,76.2,9,1,2024-12-03,-3,Complete,0
PO-2024-001670,SUP-044,Supplier Generic 44,China,Packaging,Low,2024-11-02,2024-11-23,918,3.62,3323.16,Net 90,Sea,3158.1,18.9,76.0,2,1,2024-11-24,1,Complete,1
PO-2024-002279,SUP-039,Supplier Generic 39,Indonesia,Packaging,Low,2024-06-20,2024-06-22,810,32.15,26041.5,Net 60,courier,327.6,2.9,79.9,4,0,2024-06-20,-2,Complete,0
PO-2024-001754,SUP-011,Tokyo Machining Corp,China,Raw Material,Low,2024-09-12,2024-10-04,125,,,Net 30,Sea,3062.9,17.8,67.1,3,0,2024-10-02,-2,Complete,0
PO-2024-002335,SUP-042,Supplier Generic 42,South Korea,Component,Medium,2024-02-04,2024-02-23,811,7.79,6317.69,Net 30,Sea,5008.5,15.4,64.2,7,0,2024-02-22,-1,Complete,0
PO-2024-002277,SUP-010,Deutsche Praezisionsteile GmbH,China,Component,Low,2024-07-18,2024-08-09,819,21.45,17567.55,COD,Sea,2849.2,17.0,64.2,9,0,2024-08-06,-3,Complete,0
PO-2024-000077,SUP-037,Supplier Generic 37,Indonesia,Component,Low,2024-05-25,2024-06-02,684,3.39,2318.76,Net 90,Land,399.3,9.5,88.9,1,0,2024-06-02,0,Complete,0
PO-2024-000191,SUP-021,Supplier Generic 21,USA,Component,Medium,2024-01-03,2024-02-04,233,23.14,5391.62,Net 30,Sea,14437.8,27.5,76.2,9,0,2024-02-01,-3,Complete,0
PO-2024-001196,SUP-045,Supplier Generic 45,South Korea,MRO,Low,2024-10-19,2024-11-18,1116,4.47,4988.52,Net 60,Sea,4570.3,22.5,72.4,1,0,2024-11-16,-2,Complete,0
PO-2024-000002,SUP-025,Supplier Generic 25,south korea,Packaging,Low,2024-03-17,2024-04-13,421,4.02,1692.42,Net 30,Sea,4466.8,22.0,76.1,8,1,2024-04-19,6,Complete,1
PO-2024-000332,SUP-031,Supplier Generic 31,USA,Component,Low,2024-05-12,2024-06-10,141,7.08,998.28,Net 30,Air,18122.8,30.5,89.8,3,0,2024-06-09,-1,Complete,0
PO-2024-001898,SUP-030,Supplier Generic 30,Japan,MRO,Medium,2024-11-22,2024-12-21,352,14.71,5177.92,Net 30,Sea,6280.7,22.3,78.3,8,1,2024-12-28,7,Complete,1
PO-2024-000376,SUP-023,Supplier Generic 23,India,Component,Medium,2024-09-18,2024-10-12,1557,22.18,34534.26,Net 30,Sea,4445.4,17.2,48.9,8,0,2024-10-15,3,Complete,1
PO-2024-000881,SUP-033,Supplier Generic 33,China,Component,Low,2024-01-20,2024-02-01,766,9.67,7407.22,Net 60,Air,3689.2,13.3,81.7,5,0,2024-02-01,0,Partial,0
PO-2024-002412,SUP-046,Supplier Generic 46,South Korea,Component,High,2024-06-26,2024-07-22,1007,62.87,63310.09,Net 60,Sea,5224.8,20.8,93.5,3,0,2024-07-19,-3,Complete,0
PO-2024-000304,SUP-006,PT Sumber Teknik Mandiri,India,Component,Medium,2024-07-13,2024-08-06,552,10.91,6022.32,Net 60,Sea,5209.2,18.0,87.2,4,0,2024-08-05,-1,Complete,0
PO-2024-001683,SUP-013,Bangkok Packaging Solutions,Germany,Component,High,2024-05-16,2024-06-15,746,24.07,17956.22,Net 90,Sea,12326.4,21.0,53.4,6,0,2024-06-12,-3,Complete,0
PO-2024-000613,SUP-034,Supplier Generic 34,China,Packaging,Low,2024-03-12,2024-04-03,616,13.84,8525.44,Net 60,Sea,3026.4,17.8,81.6,3,1,2024-03-31,-3,Complete,0
PO-2024-002039,SUP-050,Supplier Generic 50, Indonesia ,MRO,Medium,2024-02-01,2024-02-03,711,7.58,5389.38,Net 60,Courier,318.8,6.2,78.9,4,0,2024-02-01,-2,Complete,0
PO-2024-000749,SUP-043,Supplier Generic 43,Japan,Packaging,Low,2024-05-12,2024-06-03,393,18.26,7176.18,Net 60,Sea,5241.9,18.0,63.2,6,0,2024-06-03,0,Complete,0
PO-2024-000088,SUP-046,Supplier Generic 46,South Korea,Component,Medium,2024-04-16,2024-05-13,154,6.97,1073.38,Net 30,Sea,5173.2,20.8,93.5,6,1,2024-05-11,-2,Complete,0
PO-2024-001227,SUP-044,Supplier Generic 44,China,Packaging,Low,2024-12-14,2025-01-04,355,26.03,9240.65,Net 30,Sea,3027.7,18.9,76.0,3,1,2025-01-02,-2,Complete,0
PO-2024-000933,SUP-049,Supplier Generic 49,Japan,MRO,High,2024-03-12,2024-03-31,103,4.56,469.68,Net 60,Air,6035.4,20.2,40.0,10,1,2024-03-29,-2,Complete,0
PO-2024-002030,SUP-021,Supplier Generic 21,USA,Component,Low,2024-03-17,2024-04-20,1869,36.09,67452.21,Net 30,Sea,16599.2,27.5,76.2,9,1,2024-04-18,-2,Complete,0
PO-2024-000201,SUP-028,Supplier Generic 28,Indonesia,Packaging,High,2024-05-09,2024-05-12,17004,28.32,481553.28,Net 30,Land,361.4,4.4,83.4,5,0,2024-05-10,-2,Complete,0
PO-2024-001337,SUP-019,PT Teknindo Sukses Mandiri,South Korea,Component,Low,2024-03-05,2024-04-04,88,23.78,2092.64,Net 30,Sea,5755.6,24.2,59.8,9,1,2024-04-01,-3,Partial,0
PO-2024-000639,SUP-011,Tokyo Machining Corp,CHINA,MRO,Low,2024-01-27,2024-02-17,385,13.84,5328.4,Net 30,Sea,3134.7,17.8,67.1,6,0,2024-03-02,14,Complete,1
PO-2024-001396,SUP-034,Supplier Generic 34,China,Raw Material,High,2024-08-29,2024-09-20,1132,5.37,6078.84,Net 30,sea,3091.7,17.8,81.6,4,0,2024-09-20,0,Complete,0
PO-2024-001374,SUP-001,PT Sinar Logam Jaya,South Korea,Packaging,Medium,2024-05-01,2024-05-24,444,8.29,3680.76,Net 60,Sea ,5970.9,18.3,85.9,5,0,2024-05-21,-3,Complete,0
PO-2024-001273,SUP-011,Tokyo Machining Corp,China,Raw Material,High,2024-06-30,2024-07-22,1415,38.19,54038.85,COD,Sea,3229.6,17.8,67.1,2,0,2024-07-22,0,Complete,0
PO-2024-001635,SUP-027,Supplier Generic 27,China,Raw Material,Low,2024-04-02,2024-04-29,1760,3.92,6899.2,Net 30,Sea,3254.7,20.3,50.7,8,1,2024-05-02,3,Complete,1
PO-2024-002311,SUP-006,PT Sumber Teknik Mandiri,India,Component,High,2024-06-19,2024-07-13,1232,14.33,17654.56,Net 90,Sea,5431.0,18.0,87.2,5,0,2024-07-10,-3,Complete,0
PO-2024-002003,SUP-029,Supplier Generic 29,indonesia,Packaging,High,2024-07-03,2024-07-13,919,10.56,9704.64,Net 30,Land,388.8,8.5,40.0,6,0,2024-07-10,-3,Complete,0
PO-2024-001449,SUP-048,Supplier Generic 48,Indonesia,Component,Medium,2024-09-03,2024-09-09,1666,18.46,30754.36,Net 30,Land,402.9,5.9,96.4,7,0,2024-09-07,-2,Complete,0
PO-2024-002029,SUP-010,Deutsche Praezisionsteile GmbH,China,Raw Material,Low,2024-08-02,2024-08-24,1316,10.24,13475.84,Net 30,Sea,2912.0,17.0,64.2,6,0,2024-08-22,-2,Complete,0
PO-2024-001502,SUP-050,Supplier Generic 50,Indonesia,Raw Material,Low,2024-10-19,2024-10-27,134,30.03,4024.02,Net 90,Courier,294.6,6.2,78.9,8,0,2024-10-27,0,Partial,0
PO-2024-000116,SUP-013,Bangkok Packaging Solutions,Germany,Packaging,Medium,2024-05-01,2024-05-24,869,4.62,4014.78,COD,Air,11991.6,21.0,53.4,7,0,2024-05-22,-2,Complete,0
PO-2024-001979,SUP-047,Supplier Generic 47,China,Raw Material,High,2024-08-10,2024-08-28,623,5.96,3713.08,Net 90,Sea,3342.6,11.1,49.4,9,0,2024-08-30,2,Complete,1
PO-2024-001567,SUP-017,PT Prima Rekayasa Komponen,Vietnam,Raw Material,High,2024-02-04,2024-02-23,859,10.59,9096.81,Net 60,Air,2523.9,19.5,65.3,3,0,2024-02-21,-2,Complete,0
PO-2024-000407,SUP-014,Chennai Steel Works,South Korea,Packaging,High,2024-05-18,2024-06-17,217,13.21,2866.57,Net 30,Sea,4604.1,22.9,73.9,7,0,2024-06-14,-3,Complete,0
PO-2024-000415,SUP-021,Supplier Generic 21, USA ,Packaging,Low,2024-12-10,2025-01-07,1065,14.31,15240.15,,Air,16177.6,27.5,76.2,7,1,2025-01-07,0,Complete,0
PO-2024-000004,SUP-030,Supplier Generic 30,Japan,MRO,High,2024-03-28,2024-04-23,967,28.85,27897.95,Net 90,Sea,5092.5,22.3,78.3,10,1,2024-04-26,3,Complete,1
PO-2024-001389,SUP-044,Supplier Generic 44,China,MRO,Medium,2024-11-22,2024-12-12,1106,28.17,31156.02,Net 30,Sea,2654.4,18.9,76.0,5,1,2024-12-15,3,Complete,1
PO-2024-002373,SUP-012,Seoul Alloy Industries,Malaysia,Raw Material,Medium,2024-05-17,2024-05-21,1013,3.64,3687.32,Net 30,Air,1742.4,6.8,96.6,1,0,2024-05-21,0,Complete,0
PO-2024-001618,SUP-042,Supplier Generic 42,South Korea,Raw Material,Medium,2024-04-11,2024-04-27,338,14.16,4786.08,COD,Sea,4414.1,15.4,64.2,6,1,2024-04-27,0,Complete,0
PO-2024-000326,SUP-043,Supplier Generic 43,Japan,Component,Low,2024-08-19,2024-09-09,314,6.56,2059.84,Net 30,Sea,6362.6,18.0,63.2,6,0,2024-09-07,-2,Complete,0
PO-2024-001793,SUP-021,Supplier Generic 21,USA,Component,Low,2024-05-18,2024-06-20,1531,9.3,14238.3,Net 90,Sea,17614.4,27.5,76.2,2,0,2024-06-20,0,Complete,0
PO-2024-001784,SUP-047,Supplier Generic 47,China,MRO,High,2024-07-11,2024-07-29,1384,43.25,59858.0,Net 90,Sea,2761.3,11.1,49.4,7,0,2024-08-05,7,Complete,1
PO-2024-000269,SUP-030,Supplier Generic 30,Japan,MRO,Low,2024-02-12,2024-03-14,2296,11.33,26013.68,Net 30,Sea,5819.3,22.3,78.3,5,0,2024-03-11,-3,Partial,0
PO-2024-001081,SUP-049,Supplier Generic 49,Japan,Component,Medium,2024-10-06,2024-10-31,1086,15.0,16290.0,Net 90,Sea,6170.3,20.2,40.0,5,0,2024-10-30,-1,Complete,0
PO-2024-001158,SUP-048,Supplier Generic 48,Indonesia,Packaging,Medium,2024-10-21,2024-10-29,696,5.52,3841.92,Net 30,Courier,365.3,5.9,96.4,3,0,2024-10-30,1,Complete,1
PO-2024-001579,SUP-036,Supplier Generic 36,Indonesia,Component,High,2024-12-14,2024-12-17,147,13.81,2030.07,Net 30,Courier,363.2,3.4,40.0,9,1,2024-12-23,6,Complete,1
PO-2024-002274,SUP-022,Supplier Generic 22,China,Component,Medium,2024-01-17,2024-02-01,294,3.77,1108.38,Net 60,Air,2833.1,17.1,99.0,4,0,2024-01-31,-1,Complete,0
PO-2024-000704,SUP-024,Supplier Generic 24,Thailand,Raw Material,Low,2024-07-01,2024-07-21,3496,15.72,54957.12,Net 30,Sea ,1743.8,11.9,99.0,5,0,2024-07-20,-1,Complete,0
PO-2024-001813,SUP-005,PT Anugerah Kemasan,Indonesia,Component,Medium,2024-02-04,2024-02-07,342,6.42,2195.64,Net 30,Land,301.0,2.0,98.1,5,0,2024-02-07,0,Complete,0
PO-2024-002385,SUP-019,PT Teknindo Sukses Mandiri,South Korea,Packaging,High,2024-08-15,2024-09-06,214,4.09,875.26,Net 90,Air,4859.0,24.2,59.8,6,0,2024-09-05,-1,Complete,0
PO-2024-000511,SUP-006,PT Sumber Teknik Mandiri,India,MRO,Medium,2024-06-23,2024-07-13,992,21.92,21744.64,Net 30,Sea,4608.8,18.0,87.2,2,0,2024-07-11,-2,Complete,0
PO-2024-000141,SUP-013,Bangkok Packaging Solutions,Germany,Packaging,Low,2024-09-17,2024-10-12,2848,16.46,46878.08,Net 90,Sea,10535.3,21.0,53.4,4,0,2024-10-12,0,Complete,0
PO-2024-001856,SUP-047,Supplier Generic 47,China,Raw Material,Medium,2024-04-30,2024-05-17,420,8.92,3746.4,Net 90,Sea,2784.7,11.1,49.4,9,1,2024-05-14,-3,Complete,0
PO-2024-001655,SUP-003,PT Baja Presisi Indonesia,Thailand,Packaging,Medium,2024-01-15,2024-02-09,1243,2.52,3132.36,Net 90,Sea,2035.8,14.9,78.5,6,0,2024-02-09,0,Complete,0
PO-2024-001397,SUP-046,Supplier Generic 46,South Korea,Packaging,Medium,2024-07-24,2024-08-17,247,5.17,1276.99,Net 60,Sea,5478.1,20.8,93.5,4,0,2024-08-15,-2,Complete,0
PO-2024-000162,SUP-038,Supplier Generic 38,China,Raw Material,Low,2024-05-28,2024-06-23,4000,3.67,14680.0,Net 60,Sea,3197.5,19.9,70.2,4,0,2024-06-20,-3,Complete,0
PO-2024-000390,SUP-010,Deutsche Praezisionsteile GmbH,China,MRO,Medium,2024-04-05,2024-04-16,2135,9.35,19962.25,Net 30,Air,3584.8,17.0,64.2,6,1,2024-04-19,3,Complete,1
PO-2024-001010,SUP-040,Supplier Generic 40,Japan,Component,Medium,2024-07-05,2024-07-28,1088,7.75,8432.0,COD,Sea,5682.0,17.0,67.4,1,0,2024-07-28,0,Complete,0
PO-2024-001300,SUP-016,PT Cahaya Logistik Industri,Indonesia,Component,Medium,2024-08-27,2024-09-08,474,33.48,15869.52,Net 30,Land,374.3,10.2,67.7,3,0,2024-09-07,-1,Complete,0
PO-2024-000684,SUP-015,KL Electronic Parts,China,Packaging,High,2024-12-05,2024-12-29,116,38.07,4416.12,Net 30,Sea,3327.4,19.7,79.7,8,1,2024-12-29,0,Complete,0
PO-2024-001834,SUP-007,Global Parts Co.,USA,Raw Material,Medium,2024-08-10,2024-09-08,795,12.72,10112.4,Net 60,Air,16295.1,30.2,59.5,8,0,2024-09-07,-1,Complete,0
PO-2024-000714,SUP-040,Supplier Generic 40,Japan,Raw Material,Low,2024-01-05,2024-01-28,229,29.06,6654.74,Net 90,Sea,5943.6,17.0,67.4,11,0,2024-01-28,0,Complete,0
PO-2024-000535,SUP-013,Bangkok Packaging Solutions,Germany,Packaging,High,2024-07-07,2024-07-31,92,7.45,685.4,Net 30,Sea,12105.2,21.0,53.4,10,0,2024-07-28,-3,Complete,0
PO-2024-000025,SUP-041,Supplier Generic 41,China,Component,High,2024-01-26,2024-02-07,757,11.52,8720.64,Net 60,Air,2773.3,18.1,43.3,7,0,2024-02-09,2,Complete,1
PO-2024-001229,SUP-020,PT Wijaya Sparepart Utama, Germany ,MRO,High,2024-12-19,2025-01-10,757,35.82,27115.74,Net 30,Air,9776.5,23.3,57.9,5,1,2025-01-07,-3,Complete,0
PO-2024-000102,SUP-006,PT Sumber Teknik Mandiri,India,Packaging,Medium,2024-07-20,2024-08-12,1710,13.59,23238.9,Net 90,Sea,5614.2,18.0,87.2,13,0,2024-08-09,-3,Complete,0
PO-2024-001935,SUP-045,Supplier Generic 45,SOUTH KOREA,Component,Medium,2024-04-07,2024-05-02,171,12.44,2127.24,Net 30,Sea,4732.8,22.5,72.4,8,1,2024-04-30,-2,Complete,0
PO-2024-001824,SUP-025,Supplier Generic 25,South Korea,Raw Material,Low,2024-03-04,2024-03-29,1121,11.67,13082.07,,Sea,4863.1,22.0,76.1,3,1,2024-03-26,-3,Complete,0
PO-2024-000708,SUP-034,Supplier Generic 34,China,Component,Medium,2024-05-15,2024-06-05,2165,20.16,43646.4,Net 90,Sea,3386.8,17.8,81.6,6,0,2024-06-07,2,Complete,1
PO-2024-001678,SUP-012,Seoul Alloy Industries,Malaysia,Component,Medium,2024-04-01,2024-04-09,3647,9.0,32823.0,Net 30,Sea,1809.5,6.8,96.6,2,1,2024-04-07,-2,Complete,0
PO-2024-000009,SUP-040,Supplier Generic 40,Japan,MRO,Low,2024-03-06,2024-03-20,391,12.92,5051.72,Net 30,Air,5821.8,17.0,67.4,7,1,2024-03-31,11,Complete,1
PO-2024-001747,SUP-024,Supplier Generic 24,Thailand,Packaging,High,2024-04-09,2024-04-30,418,11.93,4986.74,Net 90,Sea,2456.8,11.9,99.0,2,1,2024-04-29,-1,Complete,0
PO-2024-000401,SUP-050,Supplier Generic 50,Indonesia,Packaging,Medium,2024-04-03,2024-04-08,1619,34.47,55806.93,Net 60,Land,346.1,6.2,78.9,5,1,2024-04-06,-2,Complete,0
PO-2024-001648,SUP-006,PT Sumber Teknik Mandiri,India,Component,High,2024-07-30,2024-08-14,81,14.4,1166.4,Net 90,Air,4734.7,18.0,87.2,5,0,2024-08-14,0,Complete,0
PO-2024-001781,SUP-041,Supplier Generic 41,China,Raw Material,Medium,2024-02-11,2024-02-27,96,,,COD,Air,3023.1,18.1,43.3,6,0,2024-03-04,6,Complete,1
PO-2024-001762,SUP-009,Hanoi Component Supply,Indonesia,Packaging,Low,2024-09-06,2024-09-14,550,28.14,15477.0,COD,Courier,331.6,7.6,90.8,2,0,2024-09-11,-3,Pending,0
PO-2024-000231,SUP-049,Supplier Generic 49,Japan,Packaging,High,2024-11-20,2024-12-13,628,50.16,31500.48,Net 30,Sea,6110.9,20.2,40.0,7,1,2024-12-14,1,Complete,1
PO-2024-001674,SUP-044,Supplier Generic 44,China,MRO,Medium,2024-01-04,2024-01-27,1626,4.23,6877.98,Net 30,Sea,3302.8,18.9,76.0,5,0,2024-01-25,-2,Complete,0
PO-2024-001444,SUP-017,PT Prima Rekayasa Komponen,Vietnam,Component,Low,2024-05-01,2024-05-25,650,12.22,7943.0,Net 30,Sea,2381.0,19.5,65.3,7,0,2024-05-24,-1,Complete,0
PO-2024-000840,SUP-009,Hanoi Component Supply,Indonesia,Component,Low,2024-11-24,2024-12-04,299,14.75,4410.25,Net 60,Land,348.9,7.6,90.8,5,1,2024-12-01,-3,Complete,0
PO-2024-002151,SUP-016,PT Cahaya Logistik Industri,Indonesia,Packaging,Low,2024-11-24,2024-12-05,198,5.27,1043.46,COD,Land,386.7,10.2,67.7,6,1,2024-12-04,-1,Complete,0
PO-2024-000583,SUP-027,Supplier Generic 27,China,Component,Medium,2024-03-19,2024-04-15,261,6.67,1740.87,Net 60,Sea,3068.7,20.3,50.7,5,1,2024-04-25,10,Complete,1
PO-2024-001625,SUP-022,Supplier Generic 22,China,Component,Medium,2024-11-21,2024-12-03,1653,13.03,21538.59,Net 60,Air,3186.2,17.1,99.0,2,1,2024-12-01,-2,Complete,0
PO-2024-000386,SUP-024,Supplier Generic 24,Thailand,Component,Low,2024-10-30,2024-11-15,2970,6.69,19869.3,Net 30,Sea,2430.5,11.9,99.0,2,0,2024-11-14,-1,Complete,0
PO-2024-001442,SUP-032,Supplier Generic 32,India,Component,High,2024-01-23,2024-02-15,4205,11.81,49661.05,Net 30,Sea,5025.3,19.2,90.1,6,0,2024-02-13,-2,Complete,0
PO-2024-002471,SUP-039,Supplier Generic 39,Indonesia,Packaging,Low,2024-07-11,2024-07-14,408,48.05,19604.4,Net 60,Courier,327.0,2.9,79.9,4,0,2024-07-11,-3,Complete,0
PO-2024-000786,SUP-014,Chennai Steel Works,South Korea,Raw Material,Medium,2024-09-09,2024-10-07,405,24.71,10007.55,Net 60,Sea,5041.2,22.9,73.9,5,0,2024-10-05,-2,Complete,0
PO-2024-001416,SUP-049,Supplier Generic 49,Japan,Raw Material,Medium,2024-03-23,2024-04-17,414,8.77,3630.78,Net 30,Sea,5688.5,20.2,40.0,8,1,2024-04-18,1,Complete,1
PO-2024-001358,SUP-018,PT Bumi Kemasan Lestari,indonesia,Raw Material,Low,2024-12-27,2025-01-04,451,17.99,8113.49,Net 30,Land,333.2,6.3,51.1,13,1,2025-01-14,10,Complete,1
PO-2024-001627,SUP-028,Supplier Generic 28,Indonesia,Raw Material,Low,2024-03-01,2024-03-07,520,38.79,20170.8,Net 60,Land,314.3,4.4,83.4,1,1,2024-03-04,-3,Pending,0
PO-2024-001586,SUP-008,Shenzhen Precision Metals,South Korea,Raw Material,Medium,2024-02-22,2024-03-13,245,15.73,3853.85,Net 90,Sea,4871.5,14.4,61.0,3,0,2024-03-12,-1,Complete,0
PO-2024-001145,SUP-037,Supplier Generic 37,Indonesia,Component,Low,2024-03-03,2024-03-11,864,18.46,15949.44,Net 60,Courier,359.4,9.5,88.9,1,1,2024-03-10,-1,Complete,0
PO-2024-002260,SUP-024,Supplier Generic 24,Thailand,Component,Medium,2024-06-05,2024-06-24,2424,5.03,12192.72,Net 90,Sea,2525.4,11.9,99.0,4,0,2024-06-24,0,Complete,0
PO-2024-000837,SUP-027,Supplier Generic 27,China,Raw Material,Medium,2024-12-10,2025-01-05,873,12.4,10825.2,Net 30,Sea,3153.5,20.3,50.7,2,1,2025-01-03,-2,Complete,0
PO-2024-002038,SUP-033,Supplier Generic 33,China,Raw Material,Low,2024-07-30,2024-08-18,4783,5.07,24249.81,Net 60,Sea,3594.2,13.3,81.7,7,0,2024-08-17,-1,Pending,0
PO-2024-000632,SUP-036,Supplier Generic 36,Indonesia,MRO,Low,2024-04-20,2024-04-23,1334,13.05,17408.7,Net 90,Land,388.3,3.4,40.0,6,1,2024-04-21,-2,Complete,0
PO-2024-000213,SUP-021,Supplier Generic 21,usa,Component,High,2024-01-06,2024-02-07,2912,16.4,47756.8,Net 30,Sea,17479.3,27.5,76.2,5,0,2024-02-14,7,Complete,1
PO-2024-000586,SUP-021,Supplier Generic 21,USA,MRO,Medium,2024-01-25,2024-02-26,969,6.81,6598.89,Net 30,Sea,12230.5,27.5,76.2,5,0,2024-03-07,10,Complete,1
PO-2024-001990,SUP-015,KL Electronic Parts,China,Component,Low,2024-12-07,2025-01-01,461,27.7,12769.7,COD,Sea,2993.0,19.7,,6,1,2024-12-30,-2,Complete,0
PO-2024-000892,SUP-030,Supplier Generic 30,Japan,Packaging,Low,2024-10-08,2024-11-08,1783,24.4,43505.2,Net 30,Sea,6157.8,22.3,78.3,6,0,2024-11-08,0,Complete,0
PO-2024-001815,SUP-046,Supplier Generic 46,South Korea,Raw Material,Medium,2024-08-09,2024-09-03,53,6.36,337.08,Net 60,Sea,4256.4,20.8,93.5,4,0,2024-09-03,0,Complete,0
PO-2024-001987,SUP-012,Seoul Alloy Industries,MALAYSIA,Component,Medium,2024-07-13,2024-07-25,622,16.48,10250.56,Net 30,Sea,1962.9,6.8,,9,0,2024-08-06,12,Complete,1
PO-2024-001248,SUP-041,Supplier Generic 41,China,Component,High,2024-02-11,2024-03-01,703,9.4,6608.2,Net 30,Sea,3137.8,18.1,43.3,8,0,2024-03-13,12,Complete,1
PO-2024-000419,SUP-031,Supplier Generic 31,USA,Raw Material,Medium,2024-06-12,2024-07-19,72,17.73,1276.56,Net 60,Sea,16010.3,30.5,89.8,4,0,2024-07-17,-2,Pending,0
PO-2024-001645,SUP-033,Supplier Generic 33,China,Packaging,Medium,2024-06-13,2024-07-04,803,11.83,9499.49,Net 30,Sea,3212.5,13.3,81.7,3,0,2024-07-01,-3,Complete,0
PO-2024-000111,SUP-035,Supplier Generic 35,China,Component,Low,2024-08-01,2024-08-21,905,61.92,56037.6,Net 30,Sea,2872.4,14.5,80.7,6,0,2024-08-25,4,Complete,1
PO-2024-000224,SUP-026,Supplier Generic 26,indonesia,Packaging,Low,2024-10-10,2024-10-12,604,15.71,9488.84,Net 30,Courier,343.5,2.0,83.4,5,0,2024-10-10,-2,Complete,0
PO-2024-000769,SUP-021,Supplier Generic 21,USA,Raw Material,High,2024-06-15,2024-07-17,452,26.1,11797.2,Net 60,Sea,16217.5,27.5,76.2,13,0,2024-07-15,-2,Complete,0
PO-2024-001643,SUP-032,Supplier Generic 32,India,Raw Material,Low,2024-10-07,2024-10-22,2309,6.41,14800.69,Net 60,Air,4520.0,19.2,90.1,2,0,2024-10-20,-2,Complete,0
PO-2024-000230,SUP-006,PT Sumber Teknik Mandiri,India,Raw Material,Low,2024-02-03,2024-02-27,598,13.73,8210.54,Net 90,Sea,5601.9,18.0,87.2,3,0,2024-02-26,-1,Complete,0
PO-2024-001720,SUP-029,Supplier Generic 29,Indonesia,Component,Medium,2024-01-19,2024-01-27,1202,25.07,30134.14,Net 60,Land,362.3,8.5,40.0,7,0,2024-02-06,10,Complete,1
PO-2024-002041,SUP-045,Supplier Generic 45,South Korea,Packaging,Medium,2024-06-21,2024-07-11,159,16.65,2647.35,Net 30,Air,4744.9,22.5,72.4,4,0,2024-07-11,0,Complete,0
PO-2024-001353,SUP-017,PT Prima Rekayasa Komponen,Vietnam,MRO,Low,2024-05-15,2024-06-11,3783,11.84,44790.72,Net 30,Sea,2804.2,19.5,65.3,6,0,2024-06-17,6,Complete,1
PO-2024-002292,SUP-022,Supplier Generic 22,China,Raw Material,Low,2024-02-07,2024-02-26,2157,29.41,63437.37,Net 30,Sea,2904.8,17.1,99.0,6,0,2024-02-26,0,Complete,0
PO-2024-000914,SUP-007,Global Parts Co.,USA,Component,High,2024-07-12,2024-08-09,284,11.2,3180.8,Net 30,Air,15798.1,30.2,59.5,7,0,2024-08-06,-3,Complete,0
PO-2024-001423,SUP-027,Supplier Generic 27, China ,Component,Medium,2024-12-01,2024-12-26,3694,5.78,21351.32,Net 30,Sea,2860.4,20.3,50.7,11,1,2024-12-31,5,Complete,1
PO-2024-000584,SUP-002,PT Mitra Komponen Nusantara,China,Component,Medium,2024-11-07,2024-11-21,434,26.04,11301.36,Net 30,Air,2999.9,18.5,59.4,7,1,2024-11-29,8,Complete,1
PO-2024-000352,SUP-033,Supplier Generic 33,China,Packaging,Medium,2024-08-01,2024-08-18,349,102.05,35615.45,Net 30,Sea,2749.0,13.3,81.7,7,0,2024-08-23,5,Complete,1
PO-2024-001458,SUP-039,Supplier Generic 39,Indonesia,MRO,Low,2024-01-23,2024-01-28,488,119.16,58150.08,Net 30,Land,323.2,2.9,79.9,8,0,2024-01-27,-1,Complete,0
PO-2024-000928,SUP-030,Supplier Generic 30,Japan,Component,Low,2024-01-01,2024-01-31,247,22.39,5530.33,Net 30,Sea,6598.5,22.3,78.3,10,0,2024-01-29,-2,Complete,0
PO-2024-000792,SUP-024,Supplier Generic 24,Thailand,Component,Low,2024-12-04,2024-12-21,2579,,,Net 60,Sea,2357.0,11.9,99.0,6,1,2024-12-21,0,Complete,0
PO-2024-002208,SUP-028,Supplier Generic 28,Indonesia,Component,High,2024-03-25,2024-03-30,1477,7.33,10826.41,Net 90,Courier,350.9,4.4,83.4,5,1,2024-03-28,-2,Complete,0
PO-2024-001515,SUP-032,Supplier Generic 32,India,Component,Medium,2024-10-17,2024-11-13,187,23.03,4306.61,Net 60,Sea,4540.3,19.2,90.1,7,0,2024-11-12,-1,Complete,0
PO-2024-001506,SUP-008,Shenzhen Precision Metals,South Korea,Raw Material,Low,2024-04-14,2024-05-04,398,4.57,1818.86,Net 60,Sea,5300.8,14.4,61.0,4,1,2024-05-17,13,Complete,1
PO-2024-001189,SUP-017,PT Prima Rekayasa Komponen,Vietnam,Raw Material,Medium,2024-05-30,2024-06-12,674,18.05,12165.7,Net 30,Air,2150.2,19.5,65.3,11,0,2024-06-10,-2,Complete,0
PO-2024-001142,SUP-030,Supplier Generic 30, Japan ,Component,Low,2024-12-06,2025-01-04,269,93.6,25178.4,Net 30,Sea,5247.9,22.3,78.3,9,1,2025-01-04,0,Complete,0
PO-2024-001284,SUP-015,KL Electronic Parts,China,Raw Material,High,2024-01-20,2024-02-13,449,28.94,12994.06,Net 60,Sea,3178.2,19.7,79.7,5,0,2024-02-11,-2,Complete,0
PO-2024-001309,SUP-004,PT Karya Plastik Sejahtera,Japan,Component,Low,2024-05-24,2024-06-10,1757,14.27,25072.39,Net 30,Air,6382.2,18.9,59.3,9,0,2024-06-13,3,Complete,1
PO-2024-000038,SUP-047,Supplier Generic 47,China,Component,Medium,2024-04-25,2024-05-06,851,29.01,24687.51,Net 30,Sea,3376.3,11.1,49.4,4,1,2024-05-04,-2,Complete,0
PO-2024-001934,SUP-017,PT Prima Rekayasa Komponen,Vietnam,Raw Material,High,2024-01-02,2024-01-27,760,4.67,3549.2,Net 90,Sea,2558.3,19.5,65.3,8,0,2024-01-25,-2,Complete,0
PO-2024-000772,SUP-001,PT Sinar Logam Jaya,South Korea,Component,High,2024-08-02,2024-08-25,2281,52.67,120140.27,Net 60,Sea,6388.7,18.3,85.9,8,0,2024-08-22,-3,Complete,0
PO-2024-002051,SUP-019,PT Teknindo Sukses Mandiri,South Korea,MRO,High,2024-05-25,2024-06-25,563,18.21,10252.23,Net 60,Sea,5181.4,24.2,59.8,5,0,2024-06-22,-3,Complete,0
PO-2024-002315,SUP-037,Supplier Generic 37,Indonesia,Component,High,2024-11-18,2024-11-27,1341,7.86,10540.26,Net 30,Land,394.1,9.5,,4,1,2024-12-06,9,Complete,1
PO-2024-001911,SUP-049,Supplier Generic 49,Japan,Packaging,Low,2024-11-30,2024-12-26,1902,9.85,18734.7,Net 30,Sea ,6484.7,20.2,40.0,4,1,2025-01-09,14,Complete,1
PO-2024-000744,SUP-026,Supplier Generic 26,Indonesia,Packaging,Low,2024-04-05,2024-04-07,178,17.14,3050.92,Net 90,Courier,352.3,2.0,83.4,1,1,2024-04-04,-3,Complete,0
PO-2024-001133,SUP-027,Supplier Generic 27,China,MRO,Low,2024-01-22,2024-02-15,934,21.59,20165.06,Net 30,Sea,2944.2,20.3,50.7,7,0,2024-02-22,7,Complete,1
PO-2024-002350,SUP-028,Supplier Generic 28,Indonesia,MRO,Medium,2024-05-15,2024-05-19,3106,18.28,56777.68,Net 90,Land,391.7,4.4,83.4,4,0,2024-05-17,-2,Complete,0
PO-2024-000373,SUP-033,Supplier Generic 33,China,Component,Low,2024-11-14,2024-12-02,604,39.07,23598.28,Net 90,Sea,2948.8,13.3,81.7,4,1,2024-12-02,0,Complete,0
PO-2024-000138,SUP-012,Seoul Alloy Industries,Malaysia,Component,High,2024-02-14,2024-03-01,1170,13.97,16344.9,Net 30,Sea,1659.9,6.8,96.6,3,0,2024-02-27,-3,Complete,0
PO-2024-002169,SUP-018,PT Bumi Kemasan Lestari,Indonesia,Raw Material,Medium,2024-02-17,2024-02-25,1229,3.86,4743.94,Net 30,Land,321.4,6.3,51.1,3,0,2024-02-24,-1,Complete,0
PO-2024-001437,SUP-043,Supplier Generic 43,Japan,Component,High,2024-01-09,2024-01-22,180,21.53,3875.4,Net 90,Air,5475.6,18.0,63.2,5,0,2024-01-22,0,Complete,0
PO-2024-001927,SUP-011,Tokyo Machining Corp,China,Component,Low,2024-01-31,2024-02-20,140,38.65,5411.0,Net 30,Sea,3056.8,17.8,67.1,4,0,2024-02-17,-3,Complete,0
PO-2024-001728,SUP-011,Tokyo Machining Corp,China,Raw Material,Low,2024-04-27,2024-05-21,1668,28.23,47087.64,Net 30,Sea,3245.0,17.8,67.1,5,1,2024-05-18,-3,Complete,0
PO-2024-001952,SUP-049,Supplier Generic 49,Japan,Raw Material,Low,2024-11-27,2024-12-23,57,25.12,1431.84,Net 90,Sea,6060.8,20.2,40.0,8,1,2024-12-26,3,Complete,1
PO-2024-001012,SUP-029,Supplier Generic 29,Indonesia,Raw Material,High,2024-11-14,2024-11-20,1696,8.8,14924.8,Net 60,Courier,368.2,8.5,40.0,5,1,2024-11-17,-3,Complete,0
PO-2024-002434,SUP-006,PT Sumber Teknik Mandiri,India,Component,Low,2024-07-11,2024-07-30,1093,,,Net 90,Sea,3689.2,18.0,87.2,2,0,2024-08-13,14,Complete,1
PO-2024-000738,SUP-013,Bangkok Packaging Solutions,Germany,MRO,Low,2024-05-24,2024-06-19,200,14.34,2868.0,Net 30,Sea,10862.8,21.0,53.4,6,0,2024-06-16,-3,Complete,0
PO-2024-001933,SUP-047,Supplier Generic 47,China,Raw Material,High,2024-08-24,2024-09-10,2125,4.85,10306.25,Net 60,Sea,2919.2,11.1,49.4,10,0,2024-09-09,-1,Complete,0
PO-2024-001673,SUP-048,Supplier Generic 48,Indonesia,Component,Medium,2024-01-07,2024-01-14,3361,7.12,23930.32,Net 60,Land,323.7,5.9,96.4,2,0,2024-01-14,0,Complete,0
PO-2024-001756,SUP-005,PT Anugerah Kemasan,Indonesia,Packaging,Low,2024-05-02,2024-05-05,869,8.67,7534.23,Net 90,land,346.7,2.0,98.1,5,0,2024-05-03,-2,Complete,0
PO-2024-001371,SUP-037,Supplier Generic 37,Indonesia,MRO,Medium,2024-06-14,2024-06-25,5248,6.91,36263.68,Net 60,Courier,386.0,9.5,88.9,3,0,2024-06-25,0,Complete,0
PO-2024-002354,SUP-004,PT Karya Plastik Sejahtera,Japan,MRO,Medium,2024-09-09,2024-10-04,501,35.52,17795.52,Net 60,Sea,6406.8,18.9,59.3,12,0,2024-10-09,5,Complete,1
PO-2024-001194,SUP-048,Supplier Generic 48,Indonesia,Raw Material,Low,2024-05-13,2024-05-19,3574,19.92,71194.08,Net 30,Land,384.1,5.9,96.4,4,0,2024-05-16,-3,Complete,0
PO-2024-001606,SUP-002,PT Mitra Komponen Nusantara,China,Raw Material,Low,2024-10-18,2024-11-07,767,15.79,12110.93,COD,Sea,3107.1,18.5,59.4,7,0,2024-11-06,-1,Complete,0
PO-2024-000538,SUP-040,Supplier Generic 40,Japan,Component,Medium,2024-10-03,2024-10-17,1807,2.53,4571.71,Net 90,Air,5314.2,17.0,67.4,6,0,2024-10-17,0,Complete,0
PO-2024-002497,SUP-018,PT Bumi Kemasan Lestari,Indonesia,MRO,Low,2024-03-11,2024-03-18,2148,3.83,8226.84,Net 60,Land,348.8,6.3,51.1,8,1,2024-03-17,-1,Complete,0
PO-2024-001901,SUP-050,Supplier Generic 50,Indonesia,Raw Material,Low,2024-04-04,2024-04-08,224,14.36,3216.64,Net 60,Land,323.0,6.2,78.9,10,1,2024-04-08,0,Complete,0
PO-2024-002321,SUP-041,Supplier Generic 41,China,MRO,Medium,2024-03-02,2024-03-26,90,,,Net 90,Sea,3617.6,18.1,43.3,6,1,2024-04-03,8,Complete,1
PO-2024-002102,SUP-044,Supplier Generic 44,China,Raw Material,High,2024-01-24,2024-02-14,129,13.18,1700.22,Net 90,Sea,2946.7,18.9,76.0,2,0,2024-02-14,0,Complete,0
PO-2024-001402,SUP-028,Supplier Generic 28,Indonesia,Component,High,2024-11-15,2024-11-17,410,9.2,3772.0,Net 30,Land,301.5,4.4,83.4,6,1,2024-11-14,-3,Complete,0
PO-2024-001242,SUP-027,Supplier Generic 27,China,Packaging,Low,2024-02-16,2024-03-13,2183,2.55,5566.65,Net 60,Sea,3058.4,20.3,50.7,10,0,2024-03-23,10,Complete,1
PO-2024-000988,SUP-010,Deutsche Praezisionsteile GmbH,China,Component,Low,2024-09-18,2024-10-09,92,20.63,1897.96,Net 60,Sea,2584.3,17.0,64.2,4,0,2024-10-08,-1,Complete,0
PO-2024-001922,SUP-038,Supplier Generic 38,China,Raw Material,Low,2024-07-08,2024-08-01,180,34.89,6280.2,Net 90,Sea,2823.0,19.9,70.2,5,0,2024-07-31,-1,Complete,0
PO-2024-000944,SUP-013,Bangkok Packaging Solutions,Germany,Packaging,Medium,2024-09-26,2024-10-23,517,15.22,7868.74,Net 30,Sea,11778.9,21.0,53.4,4,0,2024-10-23,0,Complete,0
PO-2024-002153,SUP-044,Supplier Generic 44,China,Raw Material,Medium,2024-03-09,2024-03-24,1013,14.55,14739.15,Net 30,Air,3184.0,18.9,76.0,8,1,2024-03-21,-3,Complete,0
PO-2024-000150,SUP-035,Supplier Generic 35,China,Raw Material,Low,2024-07-24,2024-08-05,921,12.56,11567.76,Net 30,Air,3213.9,14.5,80.7,1,0,2024-08-04,-1,Complete,0
PO-2024-002057,SUP-011,Tokyo Machining Corp,China,Raw Material,Low,2024-05-12,2024-06-02,2718,22.5,61155.0,Net 30,Sea,3101.9,17.8,67.1,4,0,2024-06-02,0,Complete,0
PO-2024-001350,SUP-026,Supplier Generic 26,Indonesia,Raw Material,Low,2024-08-13,2024-08-15,529,12.39,6554.31,Net 90,Courier,315.8,2.0,83.4,5,0,2024-08-13,-2,Complete,0
PO-2024-000679,SUP-011,Tokyo Machining Corp,China,Packaging,Low,2024-02-21,2024-03-17,252,16.14,4067.28,COD,Sea,3275.8,17.8,67.1,10,0,2024-03-17,0,Complete,0
PO-2024-000899,SUP-004,PT Karya Plastik Sejahtera,Japan,Component,Low,2024-04-26,2024-05-22,955,26.29,25106.95,Net 30,Sea,6213.1,18.9,59.3,6,1,2024-05-21,-1,Complete,0
PO-2024-001453,SUP-047,Supplier Generic 47,China,Raw Material,Medium,2024-10-15,2024-10-23,220,11.25,2475.0,Net 60,Air,2992.8,11.1,49.4,9,0,2024-11-06,14,Complete,1
PO-2024-002200,SUP-022,Supplier Generic 22,China,Raw Material,Low,2024-12-07,2024-12-30,1579,8.29,13089.91,COD,Sea,3107.5,17.1,99.0,2,1,2024-12-27,-3,Complete,0
PO-2024-002338,SUP-018,PT Bumi Kemasan Lestari,Indonesia,Packaging,High,2024-06-07,2024-06-16,1692,13.27,22452.84,Net 30,Land,318.5,6.3,51.1,9,0,2024-06-15,-1,Complete,0
PO-2024-002043,SUP-018,PT Bumi Kemasan Lestari,Indonesia,Raw Material,Low,2024-11-24,2024-11-29,1219,8.04,9800.76,Net 90,Courier,312.4,6.3,51.1,6,1,2024-12-01,2,Complete,1
PO-2024-001679,SUP-024,Supplier Generic 24,Thailand,Component,Low,2024-10-16,2024-11-01,497,11.9,5914.3,Net 60,Sea,1955.5,11.9,99.0,3,0,2024-10-31,-1,Complete,0
PO-2024-000673,SUP-045,Supplier Generic 45,South Korea,Raw Material,Medium,2024-11-14,2024-12-13,4470,13.26,59272.2,Net 60,Sea,5482.1,22.5,,1,1,2024-12-12,-1,Complete,0
PO-2024-002386,SUP-007,Global Parts Co., USA ,Raw Material,High,2024-01-15,2024-02-22,566,7.47,4228.02,Net 30,Sea,16601.4,30.2,59.5,3,0,2024-02-21,-1,Complete,0
PO-2024-000228,SUP-024,Supplier Generic 24,Thailand,Packaging,Low,2024-06-30,2024-07-18,475,2.75,1306.25,Net 30,Sea,2299.5,11.9,99.0,4,0,2024-07-16,-2,Complete,0
PO-2024-000300,SUP-042,Supplier Generic 42,SOUTH KOREA,Raw Material,Low,2024-11-29,2024-12-20,443,8.43,3734.49,Net 60,Sea,4569.2,15.4,64.2,4,1,2024-12-28,8,Complete,1
PO-2024-000457,SUP-020,PT Wijaya Sparepart Utama,Germany,Component,Low,2024-07-12,2024-08-01,1058,14.7,15552.6,COD,Air,11708.1,23.3,57.9,5,0,2024-07-30,-2,Complete,0
PO-2024-001812,SUP-048,Supplier Generic 48,Indonesia,MRO,Low,2024-09-30,2024-10-07,261,12.37,3228.57,Net 60,Courier,348.2,5.9,,3,0,2024-10-07,0,Complete,0
PO-2024-001226,SUP-013,Bangkok Packaging Solutions,Germany,Component,Low,2024-10-13,2024-11-07,277,6.78,1878.06,Net 30,Sea,11968.7,21.0,53.4,10,0,2024-11-05,-2,Complete,0
PO-2024-001021,SUP-026,Supplier Generic 26,Indonesia,Packaging,Low,2024-09-07,2024-09-09,309,2.86,883.74,Net 60,Land,325.8,2.0,83.4,4,0,2024-09-07,-2,Complete,0
PO-2024-000399,SUP-010,Deutsche Praezisionsteile GmbH,China,Component,Medium,2024-05-27,2024-06-22,1054,8.98,9464.92,Net 30,Sea,2833.4,17.0,64.2,4,0,2024-06-20,-2,Complete,0
PO-2024-001420,SUP-035,Supplier Generic 35,China,MRO,High,2024-12-07,2024-12-26,2117,18.25,38635.25,COD,Sea,3017.3,14.5,80.7,4,1,2024-12-25,-1,Complete,0
PO-2024-001294,SUP-032,Supplier Generic 32,India,Component,Low,2024-10-15,2024-11-07,464,23.18,10755.52,Net 30,Sea,5693.9,19.2,90.1,4,0,2024-11-20,13,Complete,1
PO-2024-002191,SUP-032,Supplier Generic 32,India,Raw Material,Low,2024-10-19,2024-11-12,933,9.78,9124.74,Net 30,Sea,4065.9,19.2,90.1,3,0,2024-11-12,0,Complete,0
PO-2024-001597,SUP-026,Supplier Generic 26,Indonesia,Raw Material,Low,2024-09-25,2024-09-27,393,13.45,5285.85,Net 30,Land,346.3,2.0,,5,0,2024-09-27,0,Complete,0
PO-2024-001216,SUP-025,Supplier Generic 25,South Korea,Packaging,Low,2024-06-29,2024-07-30,1143,6.65,7600.95,Net 30,Sea,4671.8,22.0,76.1,14,0,2024-07-27,-3,Partial,0
PO-2024-002450,SUP-021,Supplier Generic 21,USA,Component,Medium,2024-08-12,2024-09-16,916,18.75,17175.0,Net 30,Sea,15115.0,27.5,76.2,8,0,2024-09-14,-2,Complete,0
PO-2024-001489,SUP-023,Supplier Generic 23,India,Raw Material,Medium,2024-08-29,2024-09-12,172,5.26,904.72,Net 60,Air,4836.7,17.2,48.9,6,0,2024-09-11,-1,Complete,0
PO-2024-000896,SUP-008,Shenzhen Precision Metals,South Korea,Raw Material,Low,2024-03-02,2024-03-22,185,13.77,2547.45,Net 90,Sea,5745.1,14.4,61.0,7,1,2024-03-20,-2,Complete,0
PO-2024-001033,SUP-041,Supplier Generic 41,China,Raw Material,Low,2024-05-31,2024-06-16,730,27.61,20155.3,Net 60,Air,3312.1,18.1,43.3,9,0,2024-06-16,0,Complete,0
PO-2024-000061,SUP-022,Supplier Generic 22,china,Component,Low,2024-10-28,2024-11-14,1106,,,Net 60,Air,3345.3,17.1,99.0,4,0,2024-11-12,-2,Complete,0
PO-2024-002479,SUP-037,Supplier Generic 37,Indonesia,Component,Low,2024-04-24,2024-05-05,124,8.63,1070.12,Net 30,Land ,330.9,9.5,88.9,9,1,2024-05-07,2,Complete,1
PO-2024-000095,SUP-003,PT Baja Presisi Indonesia,Thailand,Component,Medium,2024-06-28,2024-07-20,381,-34.59,13178.79,Net 60,Sea,2037.1,14.9,78.5,5,0,2024-07-19,-1,Complete,0
PO-2024-000635,SUP-004,PT Karya Plastik Sejahtera,Japan,Raw Material,Low,2024-12-23,2025-01-13,1297,9.25,11997.25,Net 60,Sea,6323.1,18.9,59.3,6,1,2025-01-12,-1,Complete,0
PO-2024-001859,SUP-039,Supplier Generic 39,Indonesia,Component,Medium,2024-08-31,2024-09-03,2177,3.29,7162.33,Net 60,Courier,328.5,2.9,79.9,4,0,2024-09-03,0,Complete,0
PO-2024-000835,SUP-015,KL Electronic Parts,China,Component,Medium,2024-05-24,2024-06-09,968,3.97,3842.96,,Air ,3501.8,19.7,79.7,8,0,2024-06-09,0,Complete,0
PO-2024-002088,SUP-004,PT Karya Plastik Sejahtera,Japan,Raw Material,High,2024-08-12,2024-08-28,621,5.39,3347.19,COD,Air,6486.7,18.9,59.3,9,0,2024-08-28,0,Complete,0
PO-2024-000251,SUP-031,Supplier Generic 31,USA,Packaging,Low,2024-04-10,2024-05-15,1811,25.93,46959.23,Net 30,Sea,15577.0,30.5,89.8,4,1,2024-05-12,-3,Complete,0
PO-2024-000654,SUP-032,Supplier Generic 32,India,MRO,Medium,2024-08-20,2024-09-15,522,8.4,4384.8,Net 30,Sea,6090.3,19.2,90.1,4,0,2024-09-13,-2,Complete,0
PO-2024-001840,SUP-006,PT Sumber Teknik Mandiri,India,Raw Material,Medium,2024-02-06,2024-03-01,236,9.57,2258.52,Net 60,Sea,4825.1,18.0,87.2,5,0,2024-03-01,0,Complete,0
PO-2024-001686,SUP-029,Supplier Generic 29,Indonesia,Component,Low,2024-02-08,2024-02-17,1495,25.23,37718.85,Net 30,Land,398.5,8.5,40.0,11,0,2024-02-14,-3,Complete,0
PO-2024-001938,SUP-019,PT Teknindo Sukses Mandiri,South Korea,Component,High,2024-07-02,2024-07-31,1349,15.95,21516.55,Net 90,Sea,4581.5,24.2,59.8,4,0,2024-07-29,-2,Complete,0
PO-2024-000935,SUP-010,Deutsche Praezisionsteile GmbH,China,Component,Low,2024-07-23,2024-08-15,361,11.71,4227.31,,Sea,3377.9,17.0,64.2,11,0,2024-08-16,1,Complete,1
PO-2024-000261,SUP-005,PT Anugerah Kemasan,Indonesia,Component,Medium,2024-02-23,2024-02-26,324,10.07,3262.68,Net 30,Courier,312.2,2.0,98.1,8,0,2024-02-25,-1,Complete,0
PO-2024-001553,SUP-006,PT Sumber Teknik Mandiri,India,Component,High,2024-12-21,2025-01-13,483,18.47,8921.01,Net 30,Sea,4466.5,18.0,,3,1,2025-01-12,-1,Complete,0
PO-2024-000052,SUP-024,Supplier Generic 24,Thailand,Raw Material,Medium,2024-05-19,2024-05-27,952,25.13,23923.76,Net 60,Air,2132.4,11.9,99.0,3,0,2024-05-25,-2,Complete,0
PO-2024-000306,SUP-004,PT Karya Plastik Sejahtera, Japan ,Component,Low,2024-03-08,2024-03-22,1013,4.04,4092.52,Net 30,Air,6288.8,18.9,59.3,6,1,2024-03-20,-2,Complete,0
PO-2024-001132,SUP-028,Supplier Generic 28,Indonesia,Raw Material,High,2024-04-11,2024-04-18,855,6.88,5882.4,COD,Courier,324.0,4.4,83.4,9,1,2024-04-18,0,Complete,0
PO-2024-000918,SUP-045,Supplier Generic 45,South Korea,Component,Low,2024-09-29,2024-10-25,307,2.62,804.34,Net 60,Sea,5470.3,22.5,72.4,4,0,2024-10-23,-2,Complete,0
PO-2024-001071,SUP-010,Deutsche Praezisionsteile GmbH,China,Packaging,Medium,2024-10-05,2024-10-19,267,11.6,3097.2,Net 60,air,3363.4,17.0,64.2,8,0,2024-10-18,-1,Complete,0
PO-2024-001974,SUP-050,Supplier Generic 50,Indonesia,MRO,Low,2024-02-23,2024-02-29,414,2.96,1225.44,Net 60,Courier,378.1,6.2,78.9,8,0,2024-02-27,-2,Complete,0
PO-2024-002181,SUP-034,Supplier Generic 34,China,Component,High,2024-11-22,2024-12-11,721,19.59,14124.39,COD,Sea,3588.7,17.8,81.6,9,1,2024-12-08,-3,Complete,0
PO-2024-000370,SUP-042,Supplier Generic 42,South Korea,Packaging,Medium,2024-01-29,2024-02-20,534,14.74,7871.16,Net 60,Sea,4797.0,15.4,64.2,4,0,2024-03-03,12,Partial,1
PO-2024-002011,SUP-007,Global Parts Co.,USA,Packaging,Medium,2024-10-09,2024-11-13,66,18.43,1216.38,Net 60,Sea,17890.0,30.2,59.5,5,0,2024-11-24,11,Complete,1
PO-2024-001971,SUP-013,Bangkok Packaging Solutions,Germany,Raw Material,Low,2024-11-19,2024-12-14,96,4.69,450.24,Net 30,Sea,12571.6,21.0,53.4,5,1,2024-12-12,-2,Complete,0
PO-2024-000681,SUP-031,Supplier Generic 31,USA,Packaging,Low,2024-08-31,2024-10-06,396,5.31,2102.76,Net 60,sea,16020.4,30.5,89.8,8,0,2024-10-20,14,Complete,1
PO-2024-000339,SUP-004,PT Karya Plastik Sejahtera,Japan,Packaging,Medium,2024-12-21,2025-01-15,1955,8.59,16793.45,Net 90,Sea,5785.1,18.9,59.3,4,1,2025-01-26,11,Complete,1
PO-2024-000105,SUP-002,PT Mitra Komponen Nusantara,China,Component,High,2024-01-22,2024-02-16,2075,12.36,25647.0,Net 60,Sea ,3040.3,18.5,59.4,9,0,2024-02-16,0,Complete,0
PO-2024-002083,SUP-036,Supplier Generic 36,Indonesia,MRO,Medium,2024-03-24,2024-03-26,3061,5.88,17998.68,COD,Land,336.5,3.4,40.0,3,1,2024-04-06,11,Complete,1
PO-2024-002276,SUP-032,Supplier Generic 32,India,Raw Material,Medium,2024-05-26,2024-06-19,166,5.59,927.94,COD,Sea,4870.7,19.2,90.1,4,0,2024-06-19,0,Complete,0
PO-2024-002037,SUP-030,Supplier Generic 30,Japan,Component,Low,2024-04-13,2024-05-13,430,48.0,20640.0,Net 30,Sea,5714.1,22.3,78.3,5,1,2024-05-11,-2,Complete,0
PO-2024-001182,SUP-044,Supplier Generic 44,China,Raw Material,Low,2024-07-25,2024-08-19,325,9.25,3006.25,COD,Sea,3818.1,18.9,76.0,2,0,2024-08-22,3,Complete,1
PO-2024-000993,SUP-013,Bangkok Packaging Solutions,Germany,Packaging,Low,2024-02-03,2024-03-01,4388,20.94,91884.72,Net 60,Sea,12017.0,21.0,53.4,4,0,2024-03-14,13,Complete,1
PO-2024-000576,SUP-043,Supplier Generic 43,Japan,Component,Medium,2024-02-03,2024-02-26,726,26.22,19035.72,Net 30,Sea,5349.9,18.0,63.2,5,0,2024-03-08,11,Complete,1
PO-2024-002111,SUP-019,PT Teknindo Sukses Mandiri,South Korea,Raw Material,High,2024-09-19,2024-10-17,1660,6.51,10806.6,Net 30,Sea,5137.0,24.2,59.8,4,0,2024-10-15,-2,Complete,0
PO-2024-002173,SUP-008,Shenzhen Precision Metals,South Korea,Packaging,Medium,2024-05-23,2024-06-11,1360,9.46,12865.6,Net 30,Sea,5507.4,14.4,61.0,2,0,2024-06-09,-2,Complete,0
PO-2024-001380,SUP-039,Supplier Generic 39,Indonesia,Raw Material,Medium,2024-07-03,2024-07-05,587,13.23,7766.01,Net 60,Land,345.4,2.9,79.9,5,0,2024-07-04,-1,Complete,0
PO-2024-001869,SUP-018,PT Bumi Kemasan Lestari,Indonesia,Component,Medium,2024-07-01,2024-07-08,2167,26.49,57403.83,Net 30,Courier,270.1,6.3,51.1,3,0,2024-07-07,-1,Complete,0
PO-2024-001737,SUP-005,PT Anugerah Kemasan,Indonesia,Raw Material,High,2024-12-07,2024-12-09,291,7.48,2176.68,Net 30,Land,348.0,2.0,,6,1,2024-12-08,-1,Complete,0
PO-2024-001725,SUP-019,PT Teknindo Sukses Mandiri,South Korea,Raw Material,Low,2024-01-06,2024-02-04,664,4.25,2822.0,Net 30,Sea,5411.5,24.2,59.8,7,0,2024-02-01,-3,Complete,0
PO-2024-002301,SUP-027,Supplier Generic 27,China,Component,Low,2024-11-12,2024-11-26,232,4.57,1060.24,Net 60,Air,3200.0,20.3,50.7,10,1,2024-12-10,14,Complete,1
PO-2024-002072,SUP-003,PT Baja Presisi Indonesia,Thailand,MRO,Low,2024-09-15,2024-09-26,292,11.94,3486.48,Net 90,Air,2266.7,14.9,78.5,4,0,2024-09-23,-3,Complete,0
PO-2024-000471,SUP-008,Shenzhen Precision Metals,South Korea,Raw Material,Medium,2024-09-14,2024-10-04,403,11.22,4521.66,Net 30,Sea,5756.4,14.4,61.0,4,0,2024-10-01,-3,Complete,0
PO-2024-001564,SUP-034,Supplier Generic 34,CHINA,Packaging,Low,2024-01-19,2024-02-12,332,10.1,3353.2,Net 60,Sea,2734.8,17.8,81.6,3,0,2024-02-10,-2,Complete,0
PO-2024-000092,SUP-006,PT Sumber Teknik Mandiri,India,Packaging,Low,2024-05-19,2024-06-10,3010,5.15,15501.5,Net 30,sea,5434.9,18.0,87.2,3,0,2024-06-07,-3,Complete,0
PO-2024-000436,SUP-026,Supplier Generic 26,Indonesia,Packaging,High,2024-03-05,2024-03-07,439,1.5,658.5,Net 30,Land,354.3,2.0,83.4,4,1,2024-03-19,12,Complete,1
PO-2024-000734,SUP-006,PT Sumber Teknik Mandiri,India,MRO,Medium,2024-09-13,2024-09-28,170,11.19,1902.3,Net 30,Air,5257.8,18.0,87.2,4,0,2024-09-27,-1,Complete,0
PO-2024-001878,SUP-005,PT Anugerah Kemasan,Indonesia,Component,Low,2024-01-03,2024-01-07,1760,14.62,25731.2,Net 30,Land,377.1,2.0,98.1,4,0,2024-01-06,-1,Complete,0
PO-2024-001642,SUP-011,Tokyo Machining Corp,China,MRO,Medium,2024-05-25,2024-06-09,292,2.99,873.08,COD,Air,3254.1,17.8,67.1,3,0,2024-06-09,0,Complete,0
PO-2024-000211,SUP-028,Supplier Generic 28,Indonesia,Raw Material,Low,2024-12-27,2025-01-01,1819,75.94,138134.86,Net 60,Land,297.2,4.4,83.4,4,1,2025-01-13,12,Complete,1
PO-2024-001363,SUP-013,Bangkok Packaging Solutions,Germany,MRO,Medium,2024-02-07,2024-02-27,4212,9.98,42035.76,Net 30,Air,10468.4,21.0,53.4,6,0,2024-03-05,7,Complete,1
PO-2024-000054,SUP-019,PT Teknindo Sukses Mandiri,South Korea,Component,Medium,2024-04-19,2024-05-19,1892,6.1,11541.2,Net 90,Sea,4356.6,24.2,59.8,7,1,2024-05-26,7,Complete,1
PO-2024-000780,SUP-022,Supplier Generic 22,China,Component,High,2024-10-19,2024-11-03,2668,32.47,86629.96,Net 30,Air ,3349.0,17.1,99.0,4,0,2024-10-31,-3,Complete,0
PO-2024-002163,SUP-044,Supplier Generic 44,China,Raw Material,Low,2024-07-24,2024-08-06,141,2.86,403.26,Net 60,Air ,2816.1,18.9,76.0,10,0,2024-08-06,0,Complete,0
PO-2024-001989,SUP-004,PT Karya Plastik Sejahtera,Japan,Component,Medium,2024-12-25,2025-01-15,393,40.85,16054.05,Net 90,Sea,5546.3,18.9,59.3,7,1,2025-01-13,-2,Complete,0
PO-2024-002500,SUP-014,Chennai Steel Works,South Korea,Raw Material,Low,2024-03-08,2024-04-04,839,32.27,27074.53,Net 30,Sea,4573.4,22.9,73.9,8,1,2024-04-15,11,Complete,1
PO-2024-000147,SUP-007,Global Parts Co.,USA,Packaging,Low,2024-04-09,2024-05-16,301,26.71,8039.71,Net 90,Sea,13220.1,30.2,59.5,8,1,2024-05-29,13,Complete,1
PO-2024-001454,SUP-049,Supplier Generic 49,Japan,Component,Medium,2024-08-18,2024-09-10,269,3.85,1035.65,Net 60,Sea,6035.2,20.2,40.0,6,0,2024-09-09,-1,Complete,0
PO-2024-000616,SUP-036,Supplier Generic 36,Indonesia,Packaging,Medium,2024-01-04,2024-01-08,1086,14.02,15225.72,Net 30,Courier,293.4,3.4,40.0,9,0,2024-01-05,-3,Complete,0
PO-2024-001488,SUP-017,PT Prima Rekayasa Komponen,Vietnam,Packaging,Low,2024-08-19,2024-09-11,1566,27.77,43487.82,Net 30,Sea,2501.8,19.5,65.3,6,0,2024-09-09,-2,Complete,0
PO-2024-000620,SUP-050,Supplier Generic 50,Indonesia,Component,Low,2024-05-05,2024-05-13,344,1.08,371.52,Net 60,Land,314.6,6.2,78.9,5,0,2024-05-10,-3,Complete,0
PO-2024-001598,SUP-003,PT Baja Presisi Indonesia,Thailand,MRO,Low,2024-11-13,2024-12-06,126,20.63,2599.38,Net 30,Sea,2336.6,14.9,78.5,8,1,2024-12-13,7,Complete,1
PO-2024-000578,SUP-001,PT Sinar Logam Jaya,South Korea,Component,Low,2024-08-16,2024-09-09,1192,10.28,12253.76,Net 30,Sea,4155.6,18.3,85.9,6,0,2024-09-07,-2,Complete,0
PO-2024-000794,SUP-035,Supplier Generic 35,China,Raw Material,Low,2024-04-17,2024-05-06,1889,18.37,34700.93,Net 60,Sea,3440.1,14.5,80.7,6,1,2024-05-03,-3,Complete,0
PO-2024-000631,SUP-043,Supplier Generic 43,Japan,MRO,High,2024-04-27,2024-05-17,1842,2.28,4199.76,Net 30,Sea,5304.9,18.0,63.2,4,1,2024-05-14,-3,Complete,0
PO-2024-000168,SUP-008,Shenzhen Precision Metals,south korea,Raw Material,Low,2024-05-03,2024-05-20,114,3.48,396.72,Net 30,Sea,4733.8,14.4,61.0,7,0,2024-05-20,0,Complete,0
PO-2024-002293,SUP-032,Supplier Generic 32, India ,MRO,Low,2024-11-22,2024-12-10,1946,53.19,103507.74,Net 30,Sea,4049.7,19.2,90.1,6,1,2024-12-10,0,Partial,0
PO-2024-002235,SUP-002,PT Mitra Komponen Nusantara,China,Raw Material,High,2024-01-26,2024-02-19,3514,15.52,54537.28,Net 60,Sea,2643.1,18.5,59.4,7,0,2024-02-18,-1,Complete,0
PO-2024-001381,SUP-047,Supplier Generic 47,China,Packaging,High,2024-06-02,2024-06-19,627,4.0,2508.0,Net 60,Sea,3148.4,11.1,49.4,9,0,2024-06-18,-1,Complete,0
PO-2024-001237,SUP-004,PT Karya Plastik Sejahtera,Japan,Raw Material,High,2024-02-21,2024-03-19,224,10.14,2271.36,Net 60,Sea,6006.5,18.9,59.3,7,0,2024-03-16,-3,Complete,0
PO-2024-000980,SUP-035,Supplier Generic 35,China,Packaging,Low,2024-06-08,2024-07-02,500,16.15,8075.0,Net 90,Sea,3324.7,14.5,80.7,2,0,2024-07-01,-1,Complete,0
PO-2024-001055,SUP-017,PT Prima Rekayasa Komponen,Vietnam,Raw Material,Low,2024-03-28,2024-04-24,617,9.16,5651.72,Net 60,Sea,2514.3,19.5,65.3,6,1,2024-04-22,-2,Complete,0
PO-2024-002176,SUP-029,Supplier Generic 29,Indonesia,Packaging,Medium,2024-08-15,2024-08-20,166,12.44,2065.04,Net 60,Courier,351.6,8.5,40.0,10,0,2024-08-17,-3,Complete,0
PO-2024-000759,SUP-049,Supplier Generic 49,Japan,Component,High,2024-05-24,2024-06-20,4711,22.56,106280.16,Net 60,Sea,5698.6,20.2,40.0,10,0,2024-07-03,13,Complete,1
PO-2024-002443,SUP-034,Supplier Generic 34,China,MRO,Low,2024-05-19,2024-06-02,355,8.53,3028.15,Net 60,Air,3357.7,17.8,81.6,1,0,2024-06-01,-1,Complete,0
PO-2024-000882,SUP-037,Supplier Generic 37,Indonesia,Packaging,Low,2024-02-06,2024-02-13,454,18.65,8467.1,Net 90,Land ,344.5,9.5,88.9,3,0,2024-02-12,-1,Complete,0
PO-2024-001806,SUP-003,PT Baja Presisi Indonesia,Thailand,Packaging,High,2024-12-05,2024-12-23,346,9.31,3221.26,Net 90,Sea,1858.2,14.9,78.5,2,1,2024-12-21,-2,Complete,0
PO-2024-002084,SUP-020,PT Wijaya Sparepart Utama,Germany,Component,Medium,2024-11-28,2024-12-17,347,15.64,5427.08,COD,Air,10181.8,23.3,57.9,3,1,2024-12-18,1,Complete,1
PO-2024-002139,SUP-037,Supplier Generic 37,Indonesia,Component,Low,2024-08-10,2024-08-15,398,37.07,14753.86,Net 60,Land,344.8,9.5,88.9,4,0,2024-08-14,-1,Partial,0
PO-2024-002178,SUP-046,Supplier Generic 46,South Korea,Packaging,Medium,2024-12-18,2025-01-11,254,3.68,934.72,Net 30,Sea,5149.2,20.8,93.5,7,1,2025-01-09,-2,Complete,0
PO-2024-001054,SUP-010,Deutsche Praezisionsteile GmbH,China,Component,High,2024-08-27,2024-09-21,2895,15.39,44554.05,COD,Sea,3596.1,17.0,64.2,6,0,2024-09-21,0,Complete,0
PO-2024-001734,SUP-009,Hanoi Component Supply,Indonesia,Component,Medium,2024-01-10,2024-01-17,8680,10.61,92094.8,Net 90,Land,261.8,7.6,90.8,7,0,2024-01-16,-1,Complete,0
PO-2024-001966,SUP-006,PT Sumber Teknik Mandiri,India,Packaging,Low,2024-01-08,2024-01-31,376,8.1,3045.6,Net 60,Sea,4850.2,18.0,87.2,6,0,2024-01-31,0,Complete,0
PO-2024-001266,SUP-032,Supplier Generic 32,India,MRO,Medium,2024-09-22,2024-10-07,721,7.93,5717.53,Net 30,Air,5812.5,19.2,,8,0,2024-10-05,-2,Complete,0
PO-2024-000530,SUP-050,Supplier Generic 50,INDONESIA,Packaging,Medium,2024-02-11,2024-02-13,1522,3.11,4733.42,Net 60,Land,293.5,6.2,78.9,5,0,2024-02-12,-1,Complete,0
PO-2024-000249,SUP-048,Supplier Generic 48,Indonesia,Component,Medium,2024-02-22,2024-02-27,827,4.34,3589.18,Net 90,Land,338.3,5.9,96.4,2,0,2024-02-24,-3,Complete,0
PO-2024-000060,SUP-048,Supplier Generic 48,Indonesia,Raw Material,Medium,2024-10-14,2024-10-16,242,6.96,1684.32,Net 60,Courier,337.8,5.9,96.4,4,0,2024-10-16,0,Complete,0
PO-2024-002207,SUP-007,Global Parts Co.,USA,Raw Material,Low,2024-06-10,2024-07-04,128,6.78,867.84,Net 30,Air,19423.0,30.2,59.5,9,0,2024-07-07,3,Complete,1
PO-2024-000282,SUP-019,PT Teknindo Sukses Mandiri,South Korea,Component,Low,2024-07-21,2024-08-19,224,40.23,9011.52,Net 30,Sea,6146.7,24.2,59.8,6,0,2024-08-18,-1,Complete,0
PO-2024-001339,SUP-036,Supplier Generic 36,Indonesia,MRO,High,2024-02-14,2024-02-17,267,21.09,5631.03,Net 60,Land,409.5,3.4,40.0,8,0,2024-02-29,12,Complete,1
PO-2024-000949,SUP-027,Supplier Generic 27,China,MRO,Low,2024-07-27,2024-08-20,3228,10.57,34119.96,COD,Sea,3300.7,20.3,50.7,6,0,2024-08-22,2,Complete,1
PO-2024-000606,SUP-014,Chennai Steel Works,South Korea,Raw Material,Medium,2024-07-31,2024-08-26,528,20.93,11051.04,COD,Sea,4690.4,22.9,73.9,7,0,2024-08-25,-1,Complete,0
PO-2024-002404,SUP-044,Supplier Generic 44,China,Raw Material,Medium,2024-01-25,2024-02-19,3192,6.34,20237.28,COD,Sea,3231.6,18.9,76.0,2,0,2024-02-19,0,Complete,0
PO-2024-000442,SUP-043,Supplier Generic 43,Japan,Packaging,Medium,2024-11-23,2024-12-07,2297,11.8,27104.6,Net 30,Air,5876.4,18.0,63.2,10,1,2024-12-07,0,Complete,0
PO-2024-002300,SUP-023,Supplier Generic 23,India,Raw Material,Medium,2024-07-30,2024-08-11,1277,5.33,6806.41,Net 30,Air,4854.3,17.2,48.9,2,0,2024-08-08,-3,Complete,0
PO-2024-001951,SUP-013,Bangkok Packaging Solutions,Germany,Packaging,Medium,2024-02-10,2024-02-29,904,5.44,4917.76,Net 30,Air,12503.9,21.0,53.4,7,0,2024-02-29,0,Complete,0
PO-2024-002359,SUP-030,Supplier Generic 30,Japan,MRO,Medium,2024-05-21,2024-06-07,1986,29.28,58150.08,COD,Air,4797.4,22.3,78.3,1,0,2024-06-04,-3,Complete,0
PO-2024-000303,SUP-003,PT Baja Presisi Indonesia,Thailand,Component,Low,2024-04-24,2024-05-13,233,3.16,736.28,Net 30,Sea,2383.0,14.9,78.5,1,1,2024-05-10,-3,Complete,0
PO-2024-002495,SUP-049,Supplier Generic 49,Japan,Raw Material,Low,2024-05-27,2024-06-19,1819,12.15,22100.85,Net 60,Sea,5744.1,20.2,40.0,13,0,2024-06-23,4,Complete,1
PO-2024-001105,SUP-016,PT Cahaya Logistik Industri,Indonesia,Raw Material,Medium,2024-06-02,2024-06-11,632,6.82,4310.24,Net 90,Land,373.0,10.2,67.7,8,0,2024-06-17,6,Complete,1
PO-2024-000976,SUP-045,Supplier Generic 45,south korea,Component,Medium,2024-07-02,2024-07-27,1164,15.71,18286.44,Net 60,Sea,5342.0,22.5,72.4,4,0,2024-07-24,-3,Complete,0
PO-2024-001040,SUP-016,PT Cahaya Logistik Industri,Indonesia,MRO,High,2024-10-08,2024-10-15,422,10.71,4519.62,Net 30,Land,377.0,10.2,67.7,4,0,2024-10-14,-1,Complete,0
PO-2024-001731,SUP-039,Supplier Generic 39,Indonesia,Raw Material,High,2024-10-16,2024-10-19,1813,5.47,9917.11,Net 60,Land,370.2,2.9,79.9,7,0,2024-10-16,-3,Complete,0
PO-2024-000806,SUP-036,Supplier Generic 36,indonesia,Component,Low,2024-10-30,2024-11-06,202,9.08,1834.16,Net 60,Courier,361.8,3.4,40.0,8,0,2024-11-05,-1,Complete,0
PO-2024-002270,SUP-033,Supplier Generic 33, China ,MRO,Low,2024-10-03,2024-10-19,1383,9.33,12903.39,Net 30,Sea,2882.8,13.3,81.7,3,0,2024-10-19,0,Complete,0
PO-2024-002138,SUP-005,PT Anugerah Kemasan,Indonesia,MRO,Medium,2024-07-02,2024-07-04,223,14.98,3340.54,Net 30,Land,283.5,2.0,98.1,6,0,2024-07-01,-3,Complete,0
PO-2024-002346,SUP-016,PT Cahaya Logistik Industri,Indonesia,Component,Medium,2024-01-23,2024-01-30,169,14.16,2393.04,COD,Courier,323.5,10.2,67.7,6,0,2024-01-28,-2,Complete,0
PO-2024-001848,SUP-021,Supplier Generic 21,USA,MRO,High,2024-07-17,2024-08-13,547,1.6,875.2,Net 90,Air,15268.1,27.5,76.2,7,0,2024-08-12,-1,Complete,0
PO-2024-001184,SUP-017,PT Prima Rekayasa Komponen,Vietnam,Component,Low,2024-07-02,2024-07-29,1115,22.39,24964.85,Net 60,Sea,2236.2,19.5,65.3,5,0,2024-08-04,6,Complete,1
PO-2024-000050,SUP-040,Supplier Generic 40,Japan,Component,Low,2024-01-12,2024-02-02,1289,12.34,15906.26,Net 30,Sea,5532.6,17.0,67.4,7,0,2024-01-30,-3,Complete,0
PO-2024-000644,SUP-019,PT Teknindo Sukses Mandiri,South Korea,Component,Low,2024-09-24,2024-10-24,519,72.07,37404.33,Net 30,Sea,4313.7,24.2,59.8,4,0,2024-11-01,8,Complete,1
PO-2024-001007,SUP-033,Supplier Generic 33,China,Component,Medium,2024-10-24,2024-11-11,142,3.41,484.22,Net 60,Sea,3146.1,13.3,81.7,3,0,2024-11-08,-3,Complete,0
PO-2024-000802,SUP-003,PT Baja Presisi Indonesia,Thailand,Component,Low,2024-07-30,2024-08-19,333,24.23,8068.59,Net 60,Sea,2251.3,14.9,78.5,6,0,2024-08-19,0,Complete,0
PO-2024-001538,SUP-026,Supplier Generic 26,Indonesia,Raw Material,Medium,2024-12-29,2024-12-31,550,12.16,6688.0,COD,Land,303.3,2.0,83.4,4,1,2024-12-28,-3,Complete,0
PO-2024-000850,SUP-023,Supplier Generic 23,India,Packaging,Medium,2024-09-30,2024-10-17,556,70.62,39264.72,Net 60,Air,4743.8,17.2,48.9,7,0,2024-10-16,-1,Complete,0
PO-2024-000425,SUP-045,Supplier Generic 45,South Korea,Component,Medium,2024-02-07,2024-03-05,415,10.77,4469.55,Net 60,Sea,4800.7,22.5,72.4,5,0,2024-03-02,-3,Complete,0
PO-2024-000417,SUP-040,Supplier Generic 40,Japan,Raw Material,Medium,2024-11-29,2024-12-21,3428,68.86,236052.08,Net 60,Sea,5186.2,17.0,67.4,4,1,2024-12-25,4,Complete,1
PO-2024-000001,SUP-026,Supplier Generic 26,Indonesia,Component,Low,2024-01-03,2024-01-05,656,3.81,2499.36,Net 90,Courier,305.8,2.0,83.4,3,0,2024-01-03,-2,Complete,0
PO-2024-001761,SUP-027,Supplier Generic 27,China,Packaging,Low,2024-06-26,2024-07-21,604,3.86,2331.44,Net 30,Sea,3280.4,20.3,50.7,11,0,2024-07-20,-1,Complete,0
PO-2024-002058,SUP-036,Supplier Generic 36,Indonesia,Component,Low,2024-03-30,2024-04-01,1240,6.74,8357.6,,Land,295.6,3.4,40.0,8,1,2024-04-02,1,Complete,1
PO-2024-000177,SUP-027,Supplier Generic 27,China,Packaging,High,2024-07-22,2024-08-18,1000,18.81,18810.0,Net 30,Sea,3195.4,20.3,50.7,8,0,2024-08-29,11,Complete,1
PO-2024-000537,SUP-004,PT Karya Plastik Sejahtera,Japan,Component,Medium,2024-08-15,2024-08-31,798,5.35,4269.3,Net 60,Air ,6425.5,18.9,59.3,3,0,2024-08-29,-2,Complete,0
PO-2024-000920,SUP-027,Supplier Generic 27,China,Packaging,Medium,2024-07-06,2024-08-01,1837,13.88,25497.56,Net 30,Sea,3324.5,20.3,50.7,4,0,2024-07-29,-3,Complete,0
PO-2024-000362,SUP-009,Hanoi Component Supply,Indonesia,Component,Medium,2024-04-22,2024-04-29,566,10.42,5897.72,Net 60,Courier,414.3,7.6,90.8,2,1,2024-04-27,-2,Complete,0
PO-2024-002333,SUP-009,Hanoi Component Supply,Indonesia,Component,Low,2024-04-19,2024-04-28,2792,15.28,42661.76,Net 30,Land,297.6,7.6,90.8,2,1,2024-04-26,-2,Complete,0
PO-2024-001140,SUP-043,Supplier Generic 43,Japan,Packaging,High,2024-10-14,2024-11-08,118,5.23,617.14,Net 30,Sea,5495.9,18.0,63.2,4,0,2024-11-06,-2,Complete,0
PO-2024-000337,SUP-026,Supplier Generic 26,Indonesia,Raw Material,Low,2024-02-02,2024-02-04,399,10.18,4061.82,Net 60,Courier,265.3,2.0,83.4,5,0,2024-02-04,0,Complete,0
PO-2024-001874,SUP-018,PT Bumi Kemasan Lestari,Indonesia,MRO,Medium,2024-08-06,2024-08-13,628,14.82,9306.96,Net 30,Land,384.4,6.3,51.1,7,0,2024-08-10,-3,Complete,0
PO-2024-001726,SUP-001,PT Sinar Logam Jaya,South Korea,Raw Material,Low,2024-09-08,2024-09-26,238,47.14,11219.32,,Air,5928.2,18.3,85.9,4,0,2024-09-29,3,Complete,1
PO-2024-002120,SUP-028,Supplier Generic 28,Indonesia,Raw Material,Low,2024-11-24,2024-11-29,1532,35.39,54217.48,Net 60,Courier,349.6,4.4,,4,1,2024-11-26,-3,Complete,0
PO-2024-002422,SUP-024,Supplier Generic 24,Thailand,Component,High,2024-12-01,2024-12-10,292,18.35,5358.2,Net 60,air,2442.3,11.9,99.0,4,1,2024-12-09,-1,Complete,0
PO-2024-001530,SUP-042,Supplier Generic 42,South Korea,Raw Material,Low,2024-10-24,2024-11-03,527,7.8,4110.6,Net 60,Air,4725.2,15.4,64.2,9,0,2024-11-03,0,Complete,0
PO-2024-001118,SUP-004,PT Karya Plastik Sejahtera,Japan,Raw Material,High,2024-12-28,2025-01-21,899,11.84,10644.16,Net 60,Sea,5727.8,18.9,59.3,7,1,2025-01-18,-3,Complete,0
PO-2024-001837,SUP-011,Tokyo Machining Corp,China,Raw Material,Low,2024-04-10,2024-05-03,78,12.92,1007.76,COD,Sea,2666.9,17.8,67.1,5,1,2024-05-04,1,Complete,1
PO-2024-000479,SUP-027,Supplier Generic 27,China,Raw Material,High,2024-04-05,2024-05-01,312,10.64,3319.68,Net 60,Sea,3466.0,20.3,50.7,7,1,2024-04-28,-3,Complete,0
PO-2024-001319,SUP-050,Supplier Generic 50,Indonesia,MRO,Medium,2024-11-07,2024-11-17,755,6.33,4779.15,,Land,310.2,6.2,78.9,13,1,2024-11-16,-1,Complete,0
PO-2024-001231,SUP-008,Shenzhen Precision Metals,South Korea,Packaging,Low,2024-07-25,2024-08-13,460,3.98,1830.8,Net 60,Sea,5163.1,14.4,61.0,5,0,2024-08-23,10,Complete,1
PO-2024-001408,SUP-031,Supplier Generic 31, USA ,Component,Medium,2024-10-06,2024-10-31,4331,3.23,13989.13,Net 30,Air,15327.8,30.5,89.8,8,0,2024-11-02,2,Complete,1
PO-2024-000626,SUP-007,Global Parts Co.,USA,Component,Low,2024-03-17,2024-04-10,248,30.51,7566.48,Net 90,Air,15345.4,30.2,59.5,8,1,2024-04-08,-2,Complete,0
PO-2024-000040,SUP-022,Supplier Generic 22,China,Raw Material,Low,2024-10-30,2024-11-18,434,30.94,13427.96,Net 30,Air,3496.9,17.1,99.0,2,0,2024-11-17,-1,Complete,0
PO-2024-000081,SUP-049,Supplier Generic 49,Japan,Raw Material,High,2024-08-01,2024-08-16,873,11.25,9821.25,Net 30,Air,6131.7,20.2,40.0,9,0,2024-08-30,14,Complete,1
PO-2024-000557,SUP-047,Supplier Generic 47,China,Component,Medium,2024-09-14,2024-09-28,1754,6.44,11295.76,Net 60,Sea,3025.4,11.1,49.4,7,0,2024-09-27,-1,Complete,0
PO-2024-001187,SUP-036,Supplier Generic 36,Indonesia,MRO,Low,2024-10-12,2024-10-15,1786,16.98,30326.28,Net 30,Courier,413.3,3.4,40.0,7,0,2024-10-12,-3,Complete,0
PO-2024-001123,SUP-012,Seoul Alloy Industries,Malaysia,Packaging,Medium,2024-05-18,2024-05-31,472,1.43,674.96,Net 60,Sea,1779.0,6.8,96.6,4,0,2024-05-28,-3,Complete,0
PO-2024-001656,SUP-042,Supplier Generic 42,South Korea,MRO,Low,2024-02-11,2024-03-01,179,-2.28,408.12,Net 30,Sea,5664.8,15.4,64.2,10,0,2024-03-01,0,Complete,0
PO-2024-000508,SUP-033,Supplier Generic 33,China,MRO,Medium,2024-06-03,2024-06-16,1024,4.75,4864.0,COD,Air,3049.2,13.3,81.7,2,0,2024-06-15,-1,Partial,0
PO-2024-002144,SUP-023,Supplier Generic 23,India,Raw Material,Low,2024-04-06,2024-04-14,2424,49.61,120254.64,Net 30,Air,5502.1,17.2,48.9,8,1,2024-04-11,-3,Complete,0
PO-2024-001632,SUP-038,Supplier Generic 38,China,MRO,Low,2024-10-24,2024-11-19,4272,19.18,81936.96,Net 30,Sea ,2943.1,19.9,70.2,6,0,2024-11-22,3,Complete,1
PO-2024-001692,SUP-036,Supplier Generic 36,Indonesia,Component,Medium,2024-10-22,2024-10-29,1107,7.94,8789.58,Net 90,Land,406.1,3.4,40.0,4,0,2024-11-09,11,Partial,1
PO-2024-001018,SUP-044,Supplier Generic 44,China,Raw Material,Medium,2024-07-13,2024-08-05,778,8.33,6480.74,COD,Sea,2733.1,18.9,76.0,5,0,2024-08-05,0,Complete,0
PO-2024-001180,SUP-043,Supplier Generic 43,Japan,Raw Material,Medium,2024-06-30,2024-07-19,1027,5.64,5792.28,COD,Sea,6411.7,18.0,63.2,5,0,2024-07-31,12,Complete,1
PO-2024-002175,SUP-008,Shenzhen Precision Metals,South Korea,Component,Low,2024-08-05,2024-08-13,150,14.07,2110.5,Net 30,Air,5522.6,14.4,61.0,5,0,2024-08-10,-3,Complete,0
PO-2024-000463,SUP-013,Bangkok Packaging Solutions,Germany,Packaging,Low,2024-05-06,2024-05-24,232,6.94,1610.08,Net 60,Air,10379.5,21.0,53.4,8,0,2024-05-22,-2,Complete,0
PO-2024-002100,SUP-005,PT Anugerah Kemasan,Indonesia,Raw Material,Medium,2024-05-03,2024-05-05,693,6.39,4428.27,Net 90,Land,378.3,2.0,98.1,1,0,2024-05-02,-3,Pending,0
PO-2024-000862,SUP-040,Supplier Generic 40,Japan,Raw Material,Medium,2024-05-25,2024-06-09,1151,2.37,2727.87,Net 60,Air,5297.3,17.0,67.4,9,0,2024-06-07,-2,Complete,0
PO-2024-000527,SUP-049,Supplier Generic 49,Japan,MRO,Medium,2024-01-14,2024-02-07,3849,50.15,193027.35,Net 90,Sea,5263.7,20.2,40.0,6,0,2024-02-13,6,Complete,1
PO-2024-002431,SUP-033,Supplier Generic 33,China,Packaging,Low,2024-12-30,2025-01-19,1402,2.58,3617.16,Net 60,Sea,3219.3,13.3,81.7,6,1,2025-01-16,-3,Complete,0
PO-2024-000284,SUP-026,Supplier Generic 26,indonesia,Raw Material,High,2024-04-24,2024-04-26,118,25.39,2996.02,Net 30,Courier,346.5,2.0,83.4,10,1,2024-04-23,-3,Complete,0
PO-2024-001401,SUP-049,Supplier Generic 49,Japan,MRO,Low,2024-05-10,2024-06-08,192,42.13,8088.96,Net 30,Sea,5716.8,20.2,40.0,4,0,2024-06-07,-1,Complete,0
PO-2024-001087,SUP-023,Supplier Generic 23,India,Component,High,2024-11-19,2024-12-12,412,11.21,4618.52,Net 30,Sea,4169.8,17.2,48.9,9,1,2024-12-12,0,Complete,0
PO-2024-000873,SUP-044,Supplier Generic 44,China,Raw Material,Medium,2024-09-06,2024-09-27,523,16.19,8467.37,COD,Sea,3138.1,18.9,76.0,7,0,2024-09-25,-2,Complete,0
PO-2024-000591,SUP-013,Bangkok Packaging Solutions,Germany,MRO,Low,2024-04-20,2024-05-18,392,8.62,3379.04,COD,Sea,12189.9,21.0,53.4,5,1,2024-05-24,6,Complete,1
PO-2024-000065,SUP-044,Supplier Generic 44,China,Packaging,Low,2024-12-15,2025-01-05,1407,16.66,23440.62,Net 30,Sea,3074.0,18.9,76.0,6,1,2025-01-03,-2,Complete,0
PO-2024-001083,SUP-024,Supplier Generic 24,Thailand,Component,Low,2024-12-09,2024-12-24,275,7.13,1960.75,Net 30,Sea,2109.0,11.9,99.0,1,1,2024-12-21,-3,Complete,0
PO-2024-002130,SUP-023,Supplier Generic 23,India,Component,Medium,2024-05-12,2024-06-04,438,13.14,5755.32,Net 30,Sea,5203.7,17.2,48.9,8,0,2024-06-03,-1,Complete,0
PO-2024-002183,SUP-040,Supplier Generic 40,Japan,MRO,Medium,2024-08-21,2024-09-06,277,21.45,5941.65,Net 30,Air,5313.5,17.0,67.4,7,0,2024-09-06,0,Complete,0
PO-2024-000730,SUP-002,PT Mitra Komponen Nusantara,China,Raw Material,Low,2024-02-11,2024-03-05,570,28.23,16091.1,Net 30,Sea,2831.2,18.5,59.4,3,0,2024-03-04,-1,Complete,0
PO-2024-000353,SUP-017,PT Prima Rekayasa Komponen,Vietnam,Raw Material,Medium,2024-01-12,2024-02-03,997,3.14,3130.58,Net 30,Sea,2638.6,19.5,,6,0,2024-02-03,0,Complete,0
PO-2024-000954,SUP-037,Supplier Generic 37,Indonesia,Raw Material,Medium,2024-10-19,2024-11-02,85,25.4,2159.0,Net 30,Land,324.1,9.5,88.9,8,0,2024-10-30,-3,Complete,0
PO-2024-002265,SUP-036,Supplier Generic 36,Indonesia,Component,Medium,2024-09-27,2024-09-29,1395,6.3,8788.5,Net 90,Courier,394.0,3.4,40.0,4,0,2024-09-29,0,Complete,0
PO-2024-000035,SUP-049,Supplier Generic 49,Japan,Component,Low,2024-06-16,2024-07-03,728,19.76,14385.28,Net 60,Air,6426.9,20.2,40.0,8,0,2024-07-02,-1,Complete,0
PO-2024-000020,SUP-034,Supplier Generic 34,china,MRO,Low,2024-02-23,2024-03-14,298,4.39,1308.22,Net 90,Sea ,3230.3,17.8,81.6,4,0,2024-03-11,-3,Complete,0
PO-2024-000623,SUP-039,Supplier Generic 39,Indonesia,MRO,Medium,2024-04-30,2024-05-02,1740,4.75,8265.0,COD,Land,348.7,2.9,79.9,10,1,2024-05-01,-1,Complete,0
PO-2024-002167,SUP-029,Supplier Generic 29,Indonesia,Raw Material,Low,2024-10-06,2024-10-16,2439,9.4,22926.6,Net 90,Courier,359.6,8.5,40.0,4,0,2024-10-27,11,Complete,1
PO-2024-001232,SUP-046,Supplier Generic 46,South Korea,Raw Material,Low,2024-11-19,2024-12-07,160,22.89,3662.4,Net 30,Air,4205.6,20.8,93.5,3,1,2024-12-15,8,Complete,1
PO-2024-002108,SUP-049,Supplier Generic 49,Japan,Component,Medium,2024-06-03,2024-06-26,355,6.86,2435.3,Net 60,Sea,5781.6,20.2,40.0,5,0,2024-06-25,-1,Complete,0
PO-2024-000199,SUP-030,Supplier Generic 30,Japan,Raw Material,Medium,2024-07-08,2024-08-02,127,10.09,1281.43,COD,Sea,4947.6,22.3,78.3,6,0,2024-08-05,3,Complete,1
PO-2024-000143,SUP-034,Supplier Generic 34,China,Raw Material,Low,2024-06-06,2024-06-27,976,16.77,16367.52,Net 60,Sea,3082.4,17.8,81.6,3,0,2024-06-26,-1,Complete,0
PO-2024-001006,SUP-038,Supplier Generic 38,China,MRO,Medium,2024-10-03,2024-10-28,2451,29.84,73137.84,Net 30,Sea,3462.3,19.9,70.2,3,0,2024-10-26,-2,Complete,0
PO-2024-001166,SUP-014,Chennai Steel Works,south korea,Packaging,Low,2024-04-19,2024-05-10,901,23.2,20903.2,Net 90,Air,5483.6,22.9,73.9,5,1,2024-05-13,3,Complete,1
PO-2024-002243,SUP-026,Supplier Generic 26,Indonesia,MRO,Low,2024-09-13,2024-09-19,8817,23.82,210020.94,Net 90,Land,356.7,2.0,83.4,4,0,2024-09-19,0,Complete,0
PO-2024-002035,SUP-013,Bangkok Packaging Solutions,Germany,Component,Medium,2024-09-05,2024-09-24,116,17.28,2004.48,Net 60,Air,11207.5,21.0,53.4,10,0,2024-09-30,6,Partial,1
PO-2024-000889,SUP-007,Global Parts Co.,USA,Raw Material,Medium,2024-07-09,2024-08-11,1320,5.3,6996.0,Net 30,Sea,18197.1,30.2,59.5,6,0,2024-08-09,-2,Complete,0
PO-2024-000532,SUP-024,Supplier Generic 24,Thailand,Component,Medium,2024-09-05,2024-09-13,191,17.67,3374.97,Net 90,Air,2118.7,11.9,99.0,4,0,2024-09-13,0,Complete,0
PO-2024-002239,SUP-014,Chennai Steel Works,South Korea,Raw Material,Low,2024-10-23,2024-11-12,243,26.88,6531.84,Net 60,Air,4770.5,22.9,73.9,5,0,2024-11-09,-3,Complete,0
PO-2024-001106,SUP-039,Supplier Generic 39,Indonesia,Raw Material,High,2024-10-17,2024-10-20,368,14.77,5435.36,Net 30,Courier,309.1,2.9,79.9,8,0,2024-10-17,-3,Complete,0
PO-2024-002283,SUP-022,Supplier Generic 22,China,Raw Material,Medium,2024-08-10,2024-08-31,308,17.12,5272.96,Net 30,Sea,3453.1,17.1,99.0,6,0,2024-08-29,-2,Complete,0
PO-2024-001903,SUP-033,Supplier Generic 33,China,Component,Low,2024-10-07,2024-10-23,1138,55.57,63238.66,Net 30,Sea,2921.4,13.3,81.7,8,0,2024-11-01,9,Complete,1
PO-2024-000720,SUP-006,PT Sumber Teknik Mandiri,India,Raw Material,High,2024-06-19,2024-07-14,3265,10.12,33041.8,Net 90,Sea ,5236.8,18.0,87.2,3,0,2024-07-12,-2,Complete,0
PO-2024-000936,SUP-001,PT Sinar Logam Jaya,South Korea,Component,Low,2024-11-25,2024-12-08,366,41.82,15306.12,Net 30,Air,5138.5,18.3,85.9,4,1,2024-12-08,0,Complete,0
PO-2024-001892,SUP-013,Bangkok Packaging Solutions,Germany,Component,High,2024-07-20,2024-08-12,1105,13.77,15215.85,Net 30,Sea,10089.5,21.0,53.4,6,0,2024-08-11,-1,Complete,0
PO-2024-000139,SUP-015,KL Electronic Parts,China,Component,Low,2024-04-13,2024-05-06,2052,26.57,54521.64,Net 60,Sea,2974.0,19.7,79.7,5,1,2024-05-18,12,Complete,1
PO-2024-001866,SUP-024,Supplier Generic 24,Thailand,Component,Medium,2024-10-20,2024-11-06,1454,21.6,31406.4,COD,Sea,2027.3,11.9,99.0,4,0,2024-11-05,-1,Complete,0
PO-2024-001434,SUP-043,Supplier Generic 43,Japan,Component,Low,2024-08-01,2024-08-24,576,10.49,6042.24,Net 60,Sea,4443.4,18.0,63.2,6,0,2024-08-24,0,Complete,0
PO-2024-001119,SUP-021,Supplier Generic 21,USA,Component,Medium,2024-07-01,2024-08-02,1551,12.59,19527.09,Net 30,Sea,16421.3,27.5,76.2,1,0,2024-08-01,-1,Complete,0
PO-2024-002401,SUP-032,Supplier Generic 32,India,Component,High,2024-01-20,2024-02-02,1904,5.05,9615.2,Net 30,Air,4797.2,19.2,,2,0,2024-02-01,-1,Complete,0
PO-2024-001909,SUP-047,Supplier Generic 47,China,Raw Material,Low,2024-06-15,2024-06-29,348,27.29,9496.92,Net 90,Sea,3470.7,11.1,49.4,5,0,2024-06-26,-3,Complete,0
PO-2024-000953,SUP-027,Supplier Generic 27,China,Component,Low,2024-04-20,2024-05-18,494,4.43,2188.42,Net 90,Sea,3572.2,20.3,50.7,4,1,2024-05-17,-1,Complete,0
PO-2024-002204,SUP-019,PT Teknindo Sukses Mandiri,South Korea,Component,Medium,2024-05-02,2024-05-30,342,12.2,4172.4,Net 30,Sea,4440.5,24.2,59.8,5,0,2024-06-04,5,Complete,1
PO-2024-002004,SUP-009,Hanoi Component Supply,Indonesia,Raw Material,Low,2024-01-21,2024-02-03,539,81.33,43836.87,Net 90,Land,340.6,7.6,90.8,4,0,2024-02-17,14,Complete,1
PO-2024-001555,SUP-017,PT Prima Rekayasa Komponen,Vietnam,Packaging,Medium,2024-02-13,2024-03-12,826,10.3,8507.8,Net 30,Sea ,2487.9,19.5,65.3,8,0,2024-03-25,13,Complete,1
PO-2024-000129,SUP-001,PT Sinar Logam Jaya,South Korea,Component,Low,2024-10-20,2024-11-12,829,16.71,13852.59,Net 30,Sea,5368.0,18.3,85.9,4,0,2024-11-12,0,Complete,0
PO-2024-001689,SUP-020,PT Wijaya Sparepart Utama,Germany,Component,Medium,2024-05-14,2024-06-02,568,7.24,4112.32,Net 30,Air,10339.3,23.3,57.9,5,0,2024-06-07,5,Complete,1
PO-2024-000161,SUP-027,Supplier Generic 27,China,Raw Material,Medium,2024-06-25,2024-07-20,1727,23.27,40187.29,Net 30,Sea,3148.9,20.3,50.7,6,0,2024-07-28,8,Complete,1
PO-2024-001277,SUP-015,KL Electronic Parts,China,Raw Material,High,2024-10-26,2024-11-18,266,26.09,6939.94,Net 60,Sea,2840.5,19.7,79.7,6,0,2024-11-16,-2,Complete,0
PO-2024-001960,SUP-030,Supplier Generic 30,japan,MRO,Medium,2024-10-10,2024-10-25,2289,9.63,22043.07,Net 30,Air,5081.5,22.3,78.3,2,0,2024-11-04,10,Complete,1
PO-2024-002069,SUP-046,Supplier Generic 46,South Korea,Packaging,Medium,2024-11-25,2024-12-20,190,1.83,347.7,Net 90,Sea,5000.4,20.8,93.5,3,1,2024-12-19,-1,Complete,0
PO-2024-002140,SUP-004,PT Karya Plastik Sejahtera,Japan,MRO,Medium,2024-07-17,2024-08-01,211,7.7,1624.7,Net 60,Air,7156.0,18.9,59.3,5,0,2024-08-01,0,Complete,0
PO-2024-001833,SUP-024,Supplier Generic 24,Thailand,Packaging,Medium,2024-04-16,2024-05-02,1199,20.95,25119.05,Net 30,Sea,2519.2,11.9,99.0,1,1,2024-04-29,-3,Complete,0
PO-2024-001868,SUP-033,Supplier Generic 33,China,Component,Low,2024-02-29,2024-03-18,2666,78.71,209840.86,Net 60,Sea,3266.5,13.3,81.7,3,0,2024-03-20,2,Complete,1
PO-2024-002437,SUP-010,Deutsche Praezisionsteile GmbH,China,MRO,Low,2024-04-03,2024-04-20,154,7.34,1130.36,Net 60,Air,3397.0,17.0,64.2,7,1,2024-04-20,0,Complete,0
PO-2024-002216,SUP-034,Supplier Generic 34,China,Raw Material,Medium,2024-09-18,2024-10-12,118,4.86,573.48,COD,Sea,2459.0,17.8,81.6,8,0,2024-10-11,-1,Complete,0
PO-2024-001080,SUP-011,Tokyo Machining Corp,China,Component,Medium,2024-12-17,2025-01-09,305,3.01,918.05,Net 90,Sea,3305.4,17.8,,6,1,2025-01-23,14,Complete,1
PO-2024-001637,SUP-036,Supplier Generic 36,Indonesia,Raw Material,Low,2024-06-10,2024-06-12,628,16.58,10412.24,Net 90,Land,388.7,3.4,40.0,8,0,2024-06-25,13,Complete,1
PO-2024-000136,SUP-041,Supplier Generic 41, China ,Component,Medium,2024-02-23,2024-03-17,1581,21.56,34086.36,Net 30,Sea,3388.4,18.1,43.3,7,0,2024-03-27,10,Pending,1
PO-2024-002272,SUP-040,Supplier Generic 40,Japan,Packaging,Low,2024-04-22,2024-05-19,256,24.85,6361.6,Net 30,Sea,5532.3,17.0,67.4,3,1,2024-05-16,-3,Complete,0
PO-2024-000212,SUP-016,PT Cahaya Logistik Industri,Indonesia,MRO,Low,2024-01-11,2024-01-23,327,3.38,1105.26,Net 30,Courier,348.8,10.2,67.7,9,0,2024-01-22,-1,Complete,0
PO-2024-001782,SUP-045,Supplier Generic 45,South Korea,MRO,Medium,2024-11-28,2024-12-27,929,7.83,7274.07,Net 30,Sea,4590.1,22.5,72.4,1,1,2025-01-07,11,Complete,1
PO-2024-000275,SUP-018,PT Bumi Kemasan Lestari,Indonesia,Component,Low,2024-08-16,2024-08-21,660,3.03,1999.8,Net 30,Land ,366.2,6.3,51.1,4,0,2024-08-19,-2,Complete,0
PO-2024-000089,SUP-037,Supplier Generic 37,Indonesia,MRO,Medium,2024-07-07,2024-07-15,794,20.12,15975.28,COD,Land ,363.3,9.5,88.9,3,0,2024-07-13,-2,Complete,0
PO-2024-000751,SUP-032,Supplier Generic 32,India,Component,Low,2024-06-14,2024-07-01,199,12.35,2457.65,Net 60,Air,5611.4,19.2,90.1,4,0,2024-06-30,-1,Complete,0
PO-2024-001778,SUP-031,Supplier Generic 31,USA,Component,Medium,2024-07-10,2024-08-14,631,6.41,4044.71,Net 30,Sea,17294.9,30.5,89.8,10,0,2024-08-13,-1,Complete,0
PO-2024-002469,SUP-032,Supplier Generic 32,India,Component,Low,2024-10-28,2024-11-20,3441,5.7,19613.7,Net 60,Sea,5484.2,19.2,90.1,4,0,2024-11-20,0,Complete,0
PO-2024-001789,SUP-003,PT Baja Presisi Indonesia,Thailand,Component,Medium,2024-05-08,2024-05-30,1139,,,Net 30,Sea,2210.2,14.9,,6,0,2024-05-29,-1,Complete,0
PO-2024-000262,SUP-029,Supplier Generic 29,indonesia,Packaging,Medium,2024-08-18,2024-08-25,168,9.95,1671.6,Net 90,Courier,353.6,8.5,40.0,5,0,2024-08-30,5,Complete,1
PO-2024-001429,SUP-019,PT Teknindo Sukses Mandiri,South Korea,Packaging,Low,2024-06-13,2024-07-08,713,4.8,3422.4,Net 60,Sea,4800.1,24.2,59.8,6,0,2024-07-06,-2,Complete,0
PO-2024-001611,SUP-018,PT Bumi Kemasan Lestari,Indonesia,Packaging,High,2024-10-07,2024-10-18,5757,8.57,49337.49,Net 30,Land,304.0,6.3,51.1,7,0,2024-10-29,11,Partial,1
PO-2024-000104,SUP-050,Supplier Generic 50,Indonesia,Raw Material,Medium,2024-06-11,2024-06-14,529,22.6,11955.4,Net 30,Land,353.6,6.2,78.9,7,0,2024-06-14,0,Complete,0
PO-2024-000927,SUP-023,Supplier Generic 23,India,Packaging,High,2024-12-28,2025-01-18,682,29.98,20446.36,COD,Sea,4708.6,17.2,48.9,9,1,2025-01-16,-2,Complete,0
PO-2024-002040,SUP-044,Supplier Generic 44,China,Raw Material,Low,2024-07-29,2024-08-21,1568,15.0,23520.0,Net 60,Sea,3094.9,18.9,76.0,5,0,2024-08-29,8,Complete,1
PO-2024-000366,SUP-050,Supplier Generic 50,Indonesia,MRO,Low,2024-06-28,2024-07-03,562,7.99,4490.38,Net 30,Courier,395.9,6.2,78.9,10,0,2024-07-03,0,Complete,0
PO-2024-000045,SUP-009,Hanoi Component Supply,Indonesia,Packaging,Low,2024-02-23,2024-02-29,1101,6.96,7662.96,COD,Courier,351.5,7.6,90.8,9,0,2024-02-26,-3,Complete,0
PO-2024-000309,SUP-042,Supplier Generic 42,South Korea,MRO,Low,2024-08-27,2024-09-14,2334,7.72,18018.48,Net 90,Sea,5102.2,15.4,64.2,6,0,2024-09-14,0,Complete,0
PO-2024-000449,SUP-026,Supplier Generic 26,Indonesia,Raw Material,Low,2024-05-24,2024-05-26,111,11.46,1272.06,Net 30,Courier,343.1,2.0,83.4,10,0,2024-05-29,3,Complete,1
PO-2024-000572,SUP-012,Seoul Alloy Industries,Malaysia,Packaging,Low,2024-01-06,2024-01-17,1306,2.3,3003.8,Net 90,Sea,2086.1,6.8,96.6,2,0,2024-01-15,-2,Complete,0
PO-2024-002426,SUP-021,Supplier Generic 21,USA,Raw Material,Medium,2024-07-21,2024-08-21,928,7.89,7321.92,Net 90,Sea,14789.1,27.5,76.2,9,0,2024-08-18,-3,Complete,0
PO-2024-001173,SUP-004,PT Karya Plastik Sejahtera,Japan,Packaging,High,2024-06-04,2024-06-20,326,28.54,9304.04,Net 30,Air,4831.8,18.9,59.3,7,0,2024-07-02,12,Complete,1
PO-2024-000834,SUP-001,PT Sinar Logam Jaya,South Korea,Raw Material,Medium,2024-01-09,2024-02-02,885,12.62,11168.7,Net 60,Sea,4919.4,18.3,85.9,2,0,2024-02-02,0,Partial,0
PO-2024-000942,SUP-044,Supplier Generic 44,China,Packaging,Medium,2024-02-13,2024-03-07,332,13.17,4372.44,Net 60,Sea,3299.2,18.9,76.0,9,0,2024-03-07,0,Complete,0
PO-2024-000063,SUP-014,Chennai Steel Works,South Korea,MRO,Low,2024-01-31,2024-02-20,1348,11.48,15475.04,Net 90,Air,4607.1,22.9,73.9,3,0,2024-02-20,0,Complete,0
PO-2024-000987,SUP-035,Supplier Generic 35,China,Component,Medium,2024-04-06,2024-04-28,328,25.96,8514.88,,Sea,3337.6,14.5,80.7,7,1,2024-05-10,12,Complete,1
PO-2024-001864,SUP-029,Supplier Generic 29,Indonesia,Component,Medium,2024-03-23,2024-04-03,303,16.43,4978.29,Net 30,Courier,398.8,8.5,40.0,11,1,2024-04-02,-1,Complete,0
PO-2024-002202,SUP-048,Supplier Generic 48,Indonesia,MRO,Medium,2024-08-07,2024-08-12,483,10.27,4960.41,Net 90,Land,308.3,5.9,96.4,2,0,2024-08-12,0,Complete,0
PO-2024-001738,SUP-024,Supplier Generic 24,Thailand,Component,Low,2024-10-11,2024-10-30,213,36.12,7693.56,Net 30,Sea,2309.8,11.9,99.0,7,0,2024-10-29,-1,Complete,0
PO-2024-001308,SUP-030,Supplier Generic 30,Japan,MRO,Medium,2024-09-23,2024-10-07,520,49.76,25875.2,COD,Air,7012.3,22.3,78.3,10,0,2024-10-07,0,Complete,0
PO-2024-001702,SUP-014,Chennai Steel Works,South Korea,Raw Material,High,2024-09-13,2024-10-11,375,7.81,2928.75,Net 30,Sea,5566.8,22.9,73.9,5,0,2024-10-09,-2,Complete,0
PO-2024-001167,SUP-009,Hanoi Component Supply, Indonesia ,Raw Material,Medium,2024-02-02,2024-02-12,274,12.99,3559.26,Net 60,Land,346.9,7.6,90.8,8,0,2024-02-23,11,Partial,1
PO-2024-000630,SUP-050,Supplier Generic 50,Indonesia,Raw Material,High,2024-09-14,2024-09-19,419,4.88,2044.72,Net 30,Courier,330.1,6.2,78.9,7,0,2024-09-16,-3,Complete,0
PO-2024-002002,SUP-035,Supplier Generic 35,China,Packaging,Medium,2024-05-22,2024-06-11,1143,9.8,11201.4,COD,Sea,3536.1,14.5,80.7,1,0,2024-06-11,0,Complete,0
PO-2024-002261,SUP-025,Supplier Generic 25,South Korea,MRO,Low,2024-06-17,2024-07-12,933,31.5,29389.5,Net 60,Sea,5351.3,22.0,76.1,5,0,2024-07-11,-1,Complete,0
PO-2024-002271,SUP-038,Supplier Generic 38,China,Raw Material,Low,2024-12-24,2025-01-06,676,18.16,12276.16,Net 90,Air,3479.4,19.9,70.2,5,1,2025-01-03,-3,Complete,0
PO-2024-001975,SUP-037,Supplier Generic 37,Indonesia,MRO,Low,2024-05-21,2024-05-25,111,25.85,2869.35,Net 60,Land,385.0,9.5,88.9,5,0,2024-05-23,-2,Complete,0
PO-2024-000824,SUP-032,Supplier Generic 32,India,Raw Material,Medium,2024-07-23,2024-08-11,1047,,,Net 60,Sea,5355.6,19.2,90.1,9,0,2024-08-10,-1,Complete,0
PO-2024-001733,SUP-039,Supplier Generic 39,Indonesia,Raw Material,Medium,2024-09-26,2024-09-28,315,11.08,3490.2,Net 60,Land,294.3,2.9,79.9,6,0,2024-10-03,5,Complete,1
PO-2024-001282,SUP-050,Supplier Generic 50,Indonesia,Packaging,Medium,2024-09-25,2024-10-04,597,3.83,2286.51,Net 30,Land,330.7,6.2,78.9,9,0,2024-10-02,-2,Complete,0
PO-2024-000160,SUP-026,Supplier Generic 26,Indonesia,Raw Material,Low,2024-08-25,2024-08-27,77,14.77,1137.29,Net 60,Courier,332.5,2.0,83.4,5,0,2024-08-27,0,Complete,0
PO-2024-000740,SUP-004,PT Karya Plastik Sejahtera,Japan,Packaging,Low,2024-08-17,2024-09-10,2659,39.36,104658.24,Net 30,Sea,6700.6,18.9,59.3,6,0,2024-09-10,0,Complete,0
PO-2024-002156,SUP-049,Supplier Generic 49,Japan,MRO,Low,2024-05-25,2024-06-19,597,11.06,6602.82,Net 30,Sea,5587.6,20.2,40.0,6,0,2024-06-26,7,Complete,1
PO-2024-001914,SUP-002,PT Mitra Komponen Nusantara,China,Component,Medium,2024-09-15,2024-10-06,102,7.46,760.92,Net 60,Sea ,3082.9,18.5,59.4,4,0,2024-10-06,0,Complete,0
PO-2024-001460,SUP-039,Supplier Generic 39,Indonesia,MRO,Low,2024-02-05,2024-02-10,197,34.08,6713.76,Net 60,Land,336.3,2.9,79.9,2,0,2024-02-10,0,Complete,0
PO-2024-000084,SUP-023,Supplier Generic 23,India,Raw Material,Low,2024-03-08,2024-03-23,1393,4.81,6700.33,Net 30,Air,4547.3,17.2,48.9,5,1,2024-03-22,-1,Complete,0
PO-2024-002355,SUP-022,Supplier Generic 22,China,Raw Material,Low,2024-12-28,2025-01-14,702,,,Net 60,Air,3264.5,17.1,99.0,3,1,2025-01-14,0,Complete,0
PO-2024-000428,SUP-043,Supplier Generic 43,Japan,Component,Medium,2024-02-08,2024-02-20,176,2.87,505.12,Net 30,Air,5667.2,18.0,63.2,8,0,2024-02-19,-1,Complete,0
PO-2024-000290,SUP-047,Supplier Generic 47,China,Raw Material,High,2024-08-04,2024-08-14,1251,9.59,11997.09,Net 30,Sea ,2348.2,11.1,49.4,6,0,2024-08-25,11,Complete,1
PO-2024-002249,SUP-037,Supplier Generic 37,Indonesia,Component,Low,2024-07-25,2024-08-03,1085,5.5,5967.5,Net 60,Courier,378.0,9.5,88.9,6,0,2024-08-02,-1,Complete,0
PO-2024-001198,SUP-039,Supplier Generic 39,Indonesia,Raw Material,High,2024-11-21,2024-11-23,1101,7.39,8136.39,Net 60,Land ,357.8,2.9,79.9,8,1,2024-11-20,-3,Complete,0
PO-2024-000770,SUP-044,Supplier Generic 44,China,MRO,Low,2024-07-20,2024-08-10,301,-16.49,4963.49,Net 90,Sea,3106.5,18.9,76.0,4,0,2024-08-23,13,Complete,1
PO-2024-000402,SUP-030,Supplier Generic 30,Japan,MRO,High,2024-11-23,2024-12-13,1923,10.73,20633.79,Net 30,Air,6130.7,22.3,78.3,5,1,2024-12-12,-1,Complete,0
PO-2024-000619,SUP-027,Supplier Generic 27,China,Packaging,Low,2024-06-17,2024-07-12,1005,8.81,8854.05,Net 60,Sea,3139.3,20.3,50.7,11,0,2024-07-10,-2,Complete,0
PO-2024-001091,SUP-001,PT Sinar Logam Jaya,South Korea,Packaging,Medium,2024-09-02,2024-09-15,4816,4.23,20371.68,Net 60,Air,5556.1,18.3,85.9,5,0,2024-09-15,0,Complete,0
PO-2024-001596,SUP-004,PT Karya Plastik Sejahtera,Japan,Raw Material,Medium,2024-01-13,2024-02-02,655,4.24,2777.2,Net 90,Sea,6282.3,18.9,59.3,3,0,2024-02-15,13,Partial,1
PO-2024-000280,SUP-032,Supplier Generic 32,India,Raw Material,High,2024-12-12,2024-12-27,222,17.09,3793.98,Net 60,Air,5687.5,19.2,90.1,2,1,2024-12-26,-1,Complete,0
PO-2024-002353,SUP-008,Shenzhen Precision Metals,South Korea,Raw Material,Medium,2024-02-13,2024-03-06,6916,8.18,56572.88,COD,Sea,5921.2,14.4,61.0,7,0,2024-03-03,-3,Complete,0
PO-2024-000723,SUP-016,PT Cahaya Logistik Industri,Indonesia,MRO,Low,2024-11-19,2024-11-28,205,43.46,8909.3,Net 30,Land,398.7,10.2,67.7,9,1,2024-11-27,-1,Complete,0
PO-2024-000596,SUP-018,PT Bumi Kemasan Lestari,Indonesia,Raw Material,Medium,2024-06-06,2024-06-13,400,17.32,6928.0,Net 30,Courier,312.1,6.3,51.1,3,0,2024-06-12,-1,Complete,0
PO-2024-000970,SUP-027,Supplier Generic 27,China,Packaging,Low,2024-07-31,2024-08-17,467,13.99,6533.33,Net 30,Air,3170.3,20.3,50.7,3,0,2024-08-30,13,Complete,1
PO-2024-000977,SUP-033,Supplier Generic 33,China,Packaging,Low,2024-10-15,2024-10-26,1055,3.01,3175.55,Net 60,Air,3853.3,13.3,81.7,6,0,2024-10-27,1,Complete,1
PO-2024-000951,SUP-038,Supplier Generic 38,China,MRO,High,2024-12-29,2025-01-20,9794,32.84,321634.96,,Sea,3290.3,19.9,70.2,5,1,2025-01-19,-1,Complete,0
PO-2024-000176,SUP-036,Supplier Generic 36,Indonesia,Component,High,2024-02-01,2024-02-03,284,15.65,4444.6,Net 90,Land,352.4,3.4,40.0,7,0,2024-02-07,4,Complete,1
PO-2024-001675,SUP-023,Supplier Generic 23,India,Component,Low,2024-07-02,2024-07-24,120,10.64,1276.8,Net 90,Sea,4280.1,17.2,48.9,10,0,2024-07-25,1,Complete,1
PO-2024-001297,SUP-008,Shenzhen Precision Metals,South Korea,MRO,High,2024-04-14,2024-05-01,4483,10.68,47878.44,Net 60,Sea,5216.2,14.4,61.0,11,1,2024-04-30,-1,Complete,0
PO-2024-000989,SUP-046,Supplier Generic 46,South Korea,MRO,Medium,2024-12-03,2024-12-28,1594,24.48,39021.12,Net 30,Sea,5120.8,20.8,93.5,6,1,2024-12-25,-3,Complete,0
PO-2024-001366,SUP-005,PT Anugerah Kemasan,Indonesia,Raw Material,Low,2024-10-07,2024-10-10,1195,8.77,10480.15,Net 30,Land,322.4,2.0,98.1,3,0,2024-10-07,-3,Complete,0
PO-2024-000825,SUP-024,Supplier Generic 24,Thailand,Component,Medium,2024-01-02,2024-01-20,501,9.88,4949.88,Net 60,Sea,2309.0,11.9,99.0,3,0,2024-01-19,-1,Complete,0
PO-2024-000800,SUP-047,Supplier Generic 47,China,Component,High,2024-03-13,2024-04-03,969,29.58,28663.02,Net 90,Sea,2844.4,11.1,49.4,11,1,2024-04-11,8,Complete,1
PO-2024-001002,SUP-019,PT Teknindo Sukses Mandiri,South Korea,Component,Low,2024-07-16,2024-08-13,955,15.97,15251.35,Net 30,Sea,5296.6,24.2,59.8,8,0,2024-08-21,8,Complete,1
PO-2024-002323,SUP-015,KL Electronic Parts,China,Component,Medium,2024-08-23,2024-09-19,539,7.39,3983.21,Net 30,Sea,3163.7,19.7,79.7,7,0,2024-09-17,-2,Complete,0
PO-2024-000888,SUP-016,PT Cahaya Logistik Industri, Indonesia ,Component,Low,2024-05-31,2024-06-09,1118,5.44,6081.92,Net 30,Courier,312.7,10.2,67.7,9,0,2024-06-06,-3,Complete,0
PO-2024-001822,SUP-025,Supplier Generic 25,South Korea,Component,Medium,2024-03-30,2024-04-28,1267,2.14,2711.38,Net 30,Sea,5066.1,22.0,76.1,5,1,2024-05-03,5,Complete,1
PO-2024-001706,SUP-038,Supplier Generic 38,China,MRO,Medium,2024-12-10,2025-01-01,510,13.65,6961.5,Net 90,Sea,3368.8,19.9,70.2,4,1,2024-12-31,-1,Complete,0
PO-2024-002493,SUP-022,Supplier Generic 22,China,Component,High,2024-05-05,2024-05-20,490,11.39,5581.1,Net 90,Air,3469.5,17.1,99.0,5,0,2024-05-19,-1,Complete,0
PO-2024-001615,SUP-004,PT Karya Plastik Sejahtera,Japan,MRO,Low,2024-08-20,2024-09-15,109,6.43,700.87,Net 60,Sea,6219.1,18.9,59.3,7,0,2024-09-13,-2,Complete,0
PO-2024-001578,SUP-038,Supplier Generic 38,China,Raw Material,Low,2024-04-05,2024-04-24,816,24.94,20351.04,Net 30,Air,3244.6,19.9,70.2,8,1,2024-04-27,3,Complete,1
PO-2024-001768,SUP-017,PT Prima Rekayasa Komponen,Vietnam,Raw Material,Medium,2024-01-03,2024-01-27,910,17.97,16352.7,Net 30,Sea,2938.2,19.5,65.3,4,0,2024-01-24,-3,Complete,0
PO-2024-000410,SUP-043,Supplier Generic 43,Japan,MRO,Low,2024-09-24,2024-10-11,1623,33.85,54938.55,Net 90,Air ,6048.5,18.0,63.2,6,0,2024-10-24,13,Complete,1
PO-2024-000013,SUP-025,Supplier Generic 25,South Korea,Raw Material,Medium,2024-04-01,2024-04-20,97,17.84,1730.48,Net 30,Air,5199.7,22.0,76.1,5,1,2024-04-17,-3,Complete,0
PO-2024-000405,SUP-001,PT Sinar Logam Jaya,South Korea,Raw Material,High,2024-08-15,2024-09-08,1815,9.32,16915.8,COD,Sea,5046.6,18.3,85.9,8,0,2024-09-05,-3,Complete,0
PO-2024-001098,SUP-025,Supplier Generic 25,South Korea,Packaging,Medium,2024-01-13,2024-02-09,265,9.44,2501.6,Net 90,Sea,5259.5,22.0,76.1,4,0,2024-02-09,0,Complete,0
PO-2024-001220,SUP-009,Hanoi Component Supply,Indonesia,Component,High,2024-05-17,2024-05-26,80,18.37,1469.6,Net 60,Land,312.3,7.6,90.8,5,0,2024-05-25,-1,Complete,0
PO-2024-001210,SUP-007,Global Parts Co.,USA,Packaging,Low,2024-05-19,2024-06-19,876,72.31,63343.56,Net 30,Air,18130.8,30.2,59.5,6,0,2024-06-19,0,Complete,0
PO-2024-002189,SUP-033,Supplier Generic 33,China,Raw Material,Low,2024-11-22,2024-12-09,666,1.19,792.54,Net 60,Sea ,3436.9,13.3,81.7,3,1,2024-12-08,-1,Complete,0
PO-2024-002091,SUP-015,KL Electronic Parts,China,Raw Material,Low,2024-10-18,2024-11-14,1613,10.39,16759.07,Net 30,Sea,3484.8,19.7,79.7,7,0,2024-11-27,13,Complete,1
PO-2024-002361,SUP-006,PT Sumber Teknik Mandiri,India,Component,Low,2024-06-23,2024-07-15,358,17.89,6404.62,Net 90,Sea,4202.9,18.0,87.2,6,0,2024-07-15,0,Complete,0
PO-2024-000472,SUP-030,Supplier Generic 30,Japan,MRO,Low,2024-09-26,2024-10-13,1588,7.61,12084.68,COD,Air,5768.3,22.3,78.3,4,0,2024-10-12,-1,Complete,0
PO-2024-000539,SUP-033,Supplier Generic 33,China,Packaging,Low,2024-10-16,2024-11-03,636,33.1,21051.6,Net 90,Sea,3362.4,13.3,81.7,4,0,2024-11-02,-1,Complete,0
PO-2024-002287,SUP-047,Supplier Generic 47,China,Component,Medium,2024-12-25,2025-01-04,921,4.75,4374.75,Net 30,Air,3649.2,11.1,49.4,12,1,2025-01-02,-2,Complete,0
PO-2024-001131,SUP-021,Supplier Generic 21,USA,Component,Low,2024-01-31,2024-03-07,1865,21.04,39239.6,Net 90,Sea,17088.6,27.5,76.2,7,0,2024-03-08,1,Complete,1
PO-2024-000991,SUP-050,Supplier Generic 50,Indonesia,Component,Low,2024-01-29,2024-02-04,2613,31.83,83171.79,Net 30,Land,362.4,6.2,78.9,6,0,2024-02-04,0,Complete,0
PO-2024-001305,SUP-016,PT Cahaya Logistik Industri,Indonesia,MRO,Medium,2024-05-22,2024-06-05,1218,16.64,20267.52,Net 30,Land,315.7,10.2,67.7,8,0,2024-06-12,7,Complete,1
PO-2024-002463,SUP-011,Tokyo Machining Corp,CHINA,MRO,Low,2024-07-23,2024-08-16,564,1.95,1099.8,Net 60,Sea,2829.2,17.8,67.1,6,0,2024-08-15,-1,Partial,0
PO-2024-000875,SUP-037,Supplier Generic 37,INDONESIA,Raw Material,Low,2024-10-16,2024-10-22,1750,3.45,6037.5,Net 30,courier,346.2,9.5,88.9,6,0,2024-10-19,-3,Complete,0
PO-2024-000497,SUP-024,Supplier Generic 24,Thailand,Raw Material,Low,2024-08-08,2024-08-29,1526,37.25,56843.5,Net 60,Sea,2317.6,11.9,99.0,7,0,2024-08-26,-3,Complete,0
PO-2024-000312,SUP-015,KL Electronic Parts,China,Raw Material,High,2024-09-28,2024-10-21,402,5.61,2255.22,Net 30,Sea,3048.3,19.7,79.7,1,0,2024-10-28,7,Complete,1
PO-2024-000252,SUP-016,PT Cahaya Logistik Industri,Indonesia,Packaging,Medium,2024-09-08,2024-09-21,82,10.92,895.44,Net 60,Courier,400.7,10.2,67.7,9,0,2024-09-23,2,Complete,1
PO-2024-001315,SUP-028,Supplier Generic 28,Indonesia,Component,Low,2024-01-03,2024-01-12,1961,12.87,25238.07,Net 60,Land,340.2,4.4,83.4,2,0,2024-01-11,-1,Complete,0
PO-2024-001048,SUP-031,Supplier Generic 31,USA,Raw Material,Medium,2024-06-10,2024-07-12,876,7.63,6683.88,Net 30,sea,14390.2,30.5,89.8,8,0,2024-07-10,-2,Complete,0
PO-2024-000137,SUP-049,Supplier Generic 49,Japan,Component,Medium,2024-08-08,2024-08-24,48,8.29,397.92,COD,Air,5570.5,20.2,40.0,11,0,2024-08-21,-3,Complete,0
PO-2024-000648,SUP-011,Tokyo Machining Corp,China,MRO,Medium,2024-06-05,2024-06-29,116,15.11,1752.76,Net 30,Sea,3267.4,17.8,67.1,9,0,2024-06-26,-3,Complete,0
PO-2024-000585,SUP-038,Supplier Generic 38,China,Component,Medium,2024-02-14,2024-03-10,498,5.91,2943.18,COD,Sea,3524.5,19.9,70.2,6,0,2024-03-08,-2,Complete,0
PO-2024-000811,SUP-016,PT Cahaya Logistik Industri,Indonesia,Raw Material,Low,2024-03-30,2024-04-09,1289,23.05,29711.45,Net 30,Courier,349.9,10.2,67.7,3,1,2024-04-08,-1,Complete,0
PO-2024-000279,SUP-027,Supplier Generic 27,China,Raw Material,Medium,2024-04-13,2024-05-09,718,10.54,7567.72,Net 60,Sea,3097.1,20.3,50.7,6,1,2024-05-20,11,Complete,1
PO-2024-000360,SUP-009,Hanoi Component Supply,Indonesia,Packaging,High,2024-11-15,2024-11-24,3010,19.21,57822.1,Net 30,Land,387.1,7.6,90.8,5,1,2024-11-22,-2,Complete,0
PO-2024-001852,SUP-032,Supplier Generic 32,India,MRO,Low,2024-12-12,2025-01-06,199,9.05,1800.95,Net 30,Sea,5012.4,19.2,90.1,6,1,2025-01-04,-2,Complete,0
PO-2024-002054,SUP-048,Supplier Generic 48,Indonesia,Raw Material,Medium,2024-02-25,2024-03-03,2147,11.89,25527.83,Net 60,Land,342.3,5.9,96.4,7,0,2024-03-02,-1,Complete,0
PO-2024-001264,SUP-040,Supplier Generic 40,Japan,Raw Material,Low,2024-07-10,2024-07-30,1239,8.43,10444.77,Net 30,Sea,6136.8,17.0,67.4,5,0,2024-08-01,2,Complete,1
PO-2024-000351,SUP-047,Supplier Generic 47,China,Raw Material,Low,2024-04-27,2024-05-13,3268,12.94,42287.92,Net 60,Sea,3347.5,11.1,49.4,9,1,2024-05-11,-2,Complete,0
PO-2024-001519,SUP-030,Supplier Generic 30,Japan,Component,Medium,2024-11-11,2024-12-11,132,14.34,1892.88,Net 90,Sea,6002.9,22.3,78.3,11,1,2024-12-10,-1,Complete,0
PO-2024-001749,SUP-024,Supplier Generic 24,Thailand,Raw Material,Low,2024-08-21,2024-09-07,452,8.04,3634.08,COD,Sea,2260.0,11.9,99.0,3,0,2024-09-04,-3,Complete,0
PO-2024-002075,SUP-047,Supplier Generic 47,China,Packaging,Medium,2024-11-23,2024-12-07,56,9.33,522.48,Net 60,Sea,3134.3,11.1,49.4,7,1,2024-12-05,-2,Complete,0
PO-2024-001483,SUP-029,Supplier Generic 29,Indonesia,Packaging,Low,2024-11-22,2024-12-01,356,12.25,4361.0,Net 30,Land,306.5,8.5,40.0,7,1,2024-11-28,-3,Complete,0
PO-2024-000028,SUP-014,Chennai Steel Works,south korea,Raw Material,Low,2024-11-26,2024-12-24,703,4.35,3058.05,Net 30,Sea,5182.1,22.9,73.9,3,1,2024-12-22,-2,Complete,0
PO-2024-000148,SUP-039,Supplier Generic 39,Indonesia,Raw Material,Medium,2024-03-05,2024-03-07,986,8.94,8814.84,Net 30,Courier,376.8,2.9,79.9,6,1,2024-03-06,-1,Complete,0
PO-2024-000660,SUP-048,Supplier Generic 48,Indonesia,Raw Material,Low,2024-07-17,2024-07-24,3382,5.26,17789.32,Net 60,Land,398.4,5.9,96.4,1,0,2024-07-23,-1,Complete,0
PO-2024-001536,SUP-028,Supplier Generic 28,Indonesia,Packaging,Medium,2024-12-20,2024-12-22,543,13.16,7145.88,Net 60,Courier,376.3,4.4,83.4,6,1,2025-01-05,14,Complete,1
PO-2024-001972,SUP-029,Supplier Generic 29,indonesia,Packaging,Low,2024-12-30,2025-01-07,463,11.69,5412.47,Net 30,Courier,326.3,8.5,40.0,8,1,2025-01-18,11,Complete,1
PO-2024-000650,SUP-001,PT Sinar Logam Jaya,South Korea,Component,Low,2024-12-14,2025-01-05,2374,6.18,14671.32,Net 30,Sea,5025.0,18.3,85.9,2,1,2025-01-02,-3,Complete,0
PO-2024-000869,SUP-032,Supplier Generic 32,India,Packaging,Medium,2024-12-19,2025-01-15,7428,8.0,59424.0,Net 30,Sea,5820.0,19.2,90.1,5,1,2025-01-12,-3,Complete,0
PO-2024-000891,SUP-008,Shenzhen Precision Metals,South Korea,Packaging,Low,2024-08-05,2024-08-23,569,8.59,4887.71,COD,Sea,4747.7,14.4,61.0,6,0,2024-08-21,-2,Complete,0
PO-2024-001785,SUP-035,Supplier Generic 35,China,Raw Material,Low,2024-12-15,2024-12-30,673,35.85,24127.05,Net 60,Air,3512.4,14.5,80.7,4,1,2025-01-07,8,Complete,1
PO-2024-001022,SUP-005,PT Anugerah Kemasan,Indonesia,Raw Material,Medium,2024-03-30,2024-04-01,329,27.55,9063.95,COD,Courier,348.8,2.0,98.1,4,1,2024-03-29,-3,Complete,0
PO-2024-001797,SUP-049,Supplier Generic 49,Japan,Component,High,2024-08-23,2024-09-08,237,8.05,1907.85,Net 30,Air,5793.6,20.2,40.0,3,0,2024-09-09,1,Complete,1
PO-2024-001908,SUP-047,Supplier Generic 47,China,MRO,Low,2024-06-12,2024-06-30,2350,10.77,25309.5,Net 30,Sea ,3153.8,11.1,49.4,11,0,2024-07-11,11,Complete,1
PO-2024-001664,SUP-033,Supplier Generic 33,China,Packaging,Low,2024-01-05,2024-01-15,2144,8.51,18245.44,COD,Air,3859.9,13.3,81.7,6,0,2024-01-14,-1,Complete,0
PO-2024-000598,SUP-043,Supplier Generic 43,Japan,Component,Medium,2024-01-04,2024-01-30,152,9.84,1495.68,COD,Sea,5884.7,18.0,63.2,7,0,2024-01-27,-3,Complete,0
PO-2024-000091,SUP-028,Supplier Generic 28,Indonesia,Raw Material,Medium,2024-05-30,2024-06-01,238,27.48,6540.24,Net 60,Land,366.3,4.4,83.4,7,0,2024-05-30,-2,Complete,0
PO-2024-001744,SUP-003,PT Baja Presisi Indonesia,Thailand,Packaging,Low,2024-02-06,2024-02-24,1850,28.38,52503.0,Net 60,Sea,1932.9,14.9,78.5,6,0,2024-02-22,-2,Complete,0
PO-2024-000263,SUP-018,PT Bumi Kemasan Lestari,Indonesia,Component,Medium,2024-05-18,2024-05-23,2334,12.48,29128.32,COD,Land,341.5,6.3,51.1,6,0,2024-05-30,7,Complete,1
PO-2024-000712,SUP-046,Supplier Generic 46,South Korea,Raw Material,Low,2024-06-14,2024-07-01,3914,5.4,21135.6,Net 30,Air,5375.7,20.8,93.5,3,0,2024-07-01,0,Complete,0
PO-2024-002419,SUP-036,Supplier Generic 36,Indonesia,Raw Material,High,2024-04-25,2024-04-27,236,19.16,4521.76,Net 30,Land,312.7,3.4,40.0,1,1,2024-04-26,-1,Complete,0
PO-2024-001478,SUP-011,Tokyo Machining Corp,China,Component,High,2024-06-22,2024-07-12,119,8.77,1043.63,Net 60,Sea,3284.1,17.8,67.1,5,0,2024-07-10,-2,Complete,0
PO-2024-000149,SUP-043,Supplier Generic 43,Japan,Component,Medium,2024-04-19,2024-05-11,2395,12.93,30967.35,Net 30,Sea,6061.6,18.0,63.2,4,1,2024-05-09,-2,Complete,0
PO-2024-002214,SUP-033,Supplier Generic 33,CHINA,Packaging,High,2024-11-05,2024-11-24,476,31.09,14798.84,Net 30,Sea,3156.5,13.3,81.7,4,1,2024-11-22,-2,Complete,0
PO-2024-000079,SUP-022,Supplier Generic 22,China,Raw Material,High,2024-11-22,2024-12-16,309,4.63,1430.67,Net 30,Sea,3945.9,17.1,99.0,1,1,2024-12-15,-1,Complete,0
PO-2024-001418,SUP-020,PT Wijaya Sparepart Utama,Germany,Packaging,Medium,2024-06-13,2024-07-05,331,15.76,5216.56,Net 60,Air,11888.6,23.3,57.9,7,0,2024-07-19,14,Complete,1
PO-2024-002186,SUP-041,Supplier Generic 41,china,Component,Medium,2024-10-06,2024-10-29,3057,5.54,16935.78,Net 60,Sea,2839.5,18.1,43.3,6,0,2024-11-10,12,Complete,1
PO-2024-000998,SUP-037,Supplier Generic 37,Indonesia,Raw Material,Medium,2024-12-25,2025-01-06,594,19.11,11351.34,Net 60,Land,328.8,9.5,88.9,7,1,2025-01-05,-1,Complete,0
PO-2024-000036,SUP-008,Shenzhen Precision Metals,South Korea,MRO,Medium,2024-02-14,2024-02-26,300,5.05,1515.0,Net 60,Air,5321.8,14.4,61.0,7,0,2024-02-25,-1,Complete,0
PO-2024-000235,SUP-005,PT Anugerah Kemasan,Indonesia,Packaging,High,2024-09-20,2024-09-24,651,30.25,19692.75,COD,Land,396.0,2.0,98.1,4,0,2024-09-23,-1,Complete,0
PO-2024-001490,SUP-040,Supplier Generic 40,Japan,Packaging,Medium,2024-08-01,2024-08-23,392,2.84,1113.28,COD,Sea,5880.0,17.0,67.4,7,0,2024-08-23,0,Complete,0
PO-2024-001669,SUP-010,Deutsche Praezisionsteile GmbH,China,Packaging,High,2024-01-29,2024-02-10,612,22.59,13825.08,Net 30,Air,3610.4,17.0,64.2,7,0,2024-02-09,-1,Complete,0
PO-2024-001274,SUP-047,Supplier Generic 47,China,Raw Material,Low,2024-04-29,2024-05-08,855,10.7,9148.5,Net 30,Air,3318.5,11.1,49.4,6,1,2024-05-05,-3,Complete,0
PO-2024-000816,SUP-001,PT Sinar Logam Jaya,South Korea,Packaging,Medium,2024-11-30,2024-12-20,169,5.72,966.68,Net 90,Sea,4400.5,18.3,85.9,9,1,2024-12-21,1,Complete,1
PO-2024-001241,SUP-027,Supplier Generic 27,China,Component,Medium,2024-01-28,2024-02-20,316,11.0,3476.0,Net 60,Sea,3535.0,20.3,50.7,1,0,2024-02-20,0,Complete,0
PO-2024-001913,SUP-031,Supplier Generic 31,USA,MRO,Medium,2024-04-21,2024-05-16,2232,17.56,39193.92,Net 60,Air,14060.7,30.5,89.8,5,1,2024-05-13,-3,Complete,0
PO-2024-000396,SUP-012,Seoul Alloy Industries, Malaysia ,Packaging,Low,2024-03-05,2024-03-20,549,9.2,5050.8,Net 30,Sea,2004.0,6.8,96.6,8,1,2024-03-17,-3,Pending,0
PO-2024-000782,SUP-040,Supplier Generic 40,Japan,Packaging,Low,2024-01-28,2024-02-09,256,4.93,1262.08,Net 60,Air,5691.6,17.0,67.4,6,0,2024-02-06,-3,Complete,0
PO-2024-002309,SUP-019,PT Teknindo Sukses Mandiri,South Korea,Raw Material,Medium,2024-03-19,2024-04-18,471,94.72,44613.12,Net 60,Sea,5398.9,24.2,59.8,7,1,2024-04-23,5,Complete,1
PO-2024-000504,SUP-023,Supplier Generic 23,India,MRO,Medium,2024-03-13,2024-03-26,2053,12.45,25559.85,Net 30,Air,4722.2,17.2,48.9,7,1,2024-03-26,0,Complete,0
PO-2024-000384,SUP-022,Supplier Generic 22,China,Component,Medium,2024-06-29,2024-07-21,719,10.36,7448.84,Net 60,Sea,3154.7,17.1,99.0,3,0,2024-07-19,-2,Complete,0
PO-2024-002365,SUP-022,Supplier Generic 22,China,Component,Low,2024-11-26,2024-12-17,557,17.88,9959.16,Net 30,Sea,2867.3,17.1,99.0,6,1,2024-12-15,-2,Pending,0
PO-2024-000905,SUP-014,Chennai Steel Works,South Korea,Component,High,2024-09-28,2024-10-26,1325,18.83,24949.75,Net 30,Sea,3836.7,22.9,73.9,6,0,2024-10-26,0,Complete,0
PO-2024-000521,SUP-001,PT Sinar Logam Jaya,South Korea,Packaging,Low,2024-09-08,2024-10-02,288,,,Net 30,Sea,4845.8,18.3,85.9,4,0,2024-10-01,-1,Complete,0
PO-2024-001230,SUP-006,PT Sumber Teknik Mandiri,India,Packaging,Medium,2024-08-07,2024-08-31,501,7.88,3947.88,,Sea,5759.5,18.0,87.2,4,0,2024-08-28,-3,Complete,0
PO-2024-001944,SUP-009,Hanoi Component Supply,Indonesia,Raw Material,Low,2024-02-07,2024-02-17,691,11.42,7891.22,Net 60,land,309.7,7.6,90.8,7,0,2024-02-15,-2,Complete,0
PO-2024-002022,SUP-010,Deutsche Praezisionsteile GmbH,China,Raw Material,High,2024-08-16,2024-08-30,431,18.15,7822.65,Net 60,Air,3352.3,17.0,64.2,12,0,2024-09-01,2,Complete,1
PO-2024-000760,SUP-016,PT Cahaya Logistik Industri,Indonesia,Component,High,2024-10-13,2024-10-20,9667,32.28,312050.76,Net 30,Courier,346.9,10.2,67.7,5,0,2024-10-19,-1,Complete,0
PO-2024-001368,SUP-034,Supplier Generic 34,China,Component,Medium,2024-11-08,2024-11-22,538,17.46,9393.48,COD,Air,2913.3,17.8,81.6,8,1,2024-11-22,0,Complete,0
PO-2024-000190,SUP-036,Supplier Generic 36,Indonesia,Raw Material,High,2024-11-17,2024-11-19,291,16.46,4789.86,COD,Land,286.7,3.4,40.0,7,1,2024-11-28,9,Complete,1
PO-2024-000664,SUP-028,Supplier Generic 28,Indonesia,Component,Medium,2024-08-03,2024-08-10,264,16.53,4363.92,Net 60,Land,349.4,4.4,83.4,1,0,2024-08-08,-2,Complete,0
PO-2024-000575,SUP-012,Seoul Alloy Industries, Malaysia ,Raw Material,Medium,2024-07-12,2024-07-17,190,8.4,1596.0,Net 30,Air,1758.0,6.8,96.6,1,0,2024-07-17,0,Complete,0
PO-2024-001851,SUP-041,Supplier Generic 41,China,Component,Medium,2024-05-22,2024-06-07,1733,35.59,61677.47,Net 60,Air,3301.0,18.1,43.3,6,0,2024-06-06,-1,Complete,0
PO-2024-000316,SUP-009,Hanoi Component Supply,Indonesia,Packaging,Low,2024-06-30,2024-07-02,561,,,Net 60,Courier,340.3,7.6,90.8,6,0,2024-07-02,0,Complete,0
PO-2024-000743,SUP-014,Chennai Steel Works,South Korea,MRO,Medium,2024-01-29,2024-02-18,525,4.28,2247.0,Net 90,Air,5178.9,22.9,73.9,6,0,2024-02-17,-1,Complete,0
PO-2024-001691,SUP-019,PT Teknindo Sukses Mandiri,south korea,MRO,Low,2024-07-28,2024-08-28,449,124.33,55824.17,Net 90,Sea,5550.3,24.2,59.8,6,0,2024-08-27,-1,Complete,0
PO-2024-002348,SUP-007,Global Parts Co.,USA,Component,High,2024-12-20,2025-01-27,2544,4.75,12084.0,Net 30,Sea,16595.9,30.2,59.5,6,1,2025-02-05,9,Complete,1
PO-2024-000787,SUP-012,Seoul Alloy Industries,Malaysia,Raw Material,Medium,2024-06-28,2024-07-11,73,,,Net 30,Sea,2061.7,6.8,96.6,4,0,2024-07-09,-2,Complete,0
PO-2024-000962,SUP-021,Supplier Generic 21,USA,MRO,High,2024-12-21,2025-01-19,409,6.07,2482.63,Net 30,sea,15886.6,27.5,76.2,3,1,2025-01-19,0,Complete,0
PO-2024-001801,SUP-035,Supplier Generic 35,China,Component,Low,2024-08-19,2024-09-08,561,15.38,8628.18,Net 60,Sea,2969.8,14.5,80.7,6,0,2024-09-06,-2,Complete,0
PO-2024-001970,SUP-025,Supplier Generic 25,South Korea,Component,High,2024-12-23,2025-01-19,721,3.04,2191.84,COD,Sea,4404.7,22.0,76.1,2,1,2025-01-19,0,Complete,0
PO-2024-000667,SUP-018,PT Bumi Kemasan Lestari,Indonesia,Raw Material,High,2024-11-15,2024-11-17,1802,103.95,187317.9,COD,Courier,458.5,6.3,51.1,11,1,2024-11-24,7,Complete,1
PO-2024-000257,SUP-024,Supplier Generic 24,Thailand,Component,Low,2024-08-16,2024-08-30,568,10.07,5719.76,Net 30,Sea,2162.4,11.9,,3,0,2024-08-27,-3,Complete,0
PO-2024-001968,SUP-041,Supplier Generic 41,china,Packaging,Medium,2024-01-18,2024-02-03,225,72.77,16373.25,Net 30,Air,2892.2,18.1,43.3,3,0,2024-02-01,-2,Complete,0
PO-2024-001213,SUP-010,Deutsche Praezisionsteile GmbH,China,Packaging,Low,2024-12-31,2025-01-29,424,24.7,10472.8,Net 30,Sea,3278.9,17.0,64.2,5,1,2025-01-27,-2,Complete,0
PO-2024-001267,SUP-003,PT Baja Presisi Indonesia,Thailand,Component,Medium,2024-08-01,2024-08-13,1719,4.82,8285.58,Net 30,Air,1759.6,14.9,78.5,14,0,2024-08-12,-1,Complete,0
PO-2024-000683,SUP-002,PT Mitra Komponen Nusantara,China,Packaging,High,2024-07-04,2024-07-22,438,31.92,13980.96,Net 30,Air,3800.5,18.5,59.4,5,0,2024-07-19,-3,Complete,0
PO-2024-000689,SUP-009,Hanoi Component Supply,Indonesia,Component,High,2024-06-09,2024-06-15,940,4.17,3919.8,Net 60,Courier,341.6,7.6,90.8,8,0,2024-06-14,-1,Complete,0
PO-2024-000864,SUP-031,Supplier Generic 31,USA,Component,Medium,2024-09-06,2024-10-14,498,14.37,7156.26,Net 30,Sea ,16957.9,30.5,89.8,4,0,2024-10-11,-3,Complete,0
PO-2024-000915,SUP-029,Supplier Generic 29,Indonesia,Component,Medium,2024-10-13,2024-10-19,424,12.07,5117.68,Net 30,Courier,328.0,8.5,40.0,5,0,2024-10-19,0,Complete,0
PO-2024-000100,SUP-042,Supplier Generic 42,south korea,Packaging,Low,2024-01-12,2024-02-03,370,12.1,4477.0,Net 90,Sea,4883.7,15.4,64.2,7,0,2024-02-02,-1,Complete,0
PO-2024-000923,SUP-010,Deutsche Praezisionsteile GmbH,China,Packaging,Low,2024-03-23,2024-04-08,632,18.49,11685.68,Net 60,Air,3247.8,17.0,64.2,3,1,2024-04-18,10,Complete,1
PO-2024-001547,SUP-002,PT Mitra Komponen Nusantara,China,Component,Medium,2024-03-11,2024-04-04,1567,35.5,55628.5,Net 30,Sea,3340.3,18.5,59.4,6,1,2024-04-18,14,Complete,1
PO-2024-001688,SUP-028,Supplier Generic 28,Indonesia,Component,High,2024-06-25,2024-06-28,1569,3.83,6009.27,Net 30,Land,361.1,4.4,83.4,5,0,2024-06-25,-3,Complete,0
PO-2024-000721,SUP-022,Supplier Generic 22, China ,Raw Material,Medium,2024-10-04,2024-10-24,1078,8.84,9529.52,Net 30,Sea,3179.7,17.1,99.0,2,0,2024-10-21,-3,Complete,0
PO-2024-000437,SUP-022,Supplier Generic 22,China,Component,Low,2024-01-25,2024-02-15,1303,20.36,26529.08,Net 30,Sea,3693.3,17.1,99.0,4,0,2024-02-15,0,Complete,0
PO-2024-000741,SUP-050,Supplier Generic 50,Indonesia,Packaging,Medium,2024-06-19,2024-06-25,1218,,,Net 30,Courier,381.4,6.2,78.9,2,0,2024-06-23,-2,Complete,0
PO-2024-002158,SUP-011,Tokyo Machining Corp,China,MRO,High,2024-12-23,2025-01-16,135,4.63,625.05,Net 60,Sea,2766.8,17.8,67.1,6,1,2025-01-21,5,Complete,1
PO-2024-000517,SUP-049,Supplier Generic 49,Japan,Component,Low,2024-06-09,2024-07-02,316,38.32,12109.12,Net 60,Sea,5810.1,20.2,40.0,9,0,2024-07-14,12,Complete,1
PO-2024-000820,SUP-002,PT Mitra Komponen Nusantara,China,Raw Material,High,2024-06-11,2024-06-27,931,9.91,9226.21,Net 60,Air,2445.5,18.5,59.4,3,0,2024-07-08,11,Complete,1
PO-2024-002340,SUP-024,Supplier Generic 24,Thailand,Packaging,High,2024-08-27,2024-09-03,2896,3.4,9846.4,Net 90,Air,2250.4,11.9,99.0,5,0,2024-09-03,0,Complete,0
PO-2024-001117,SUP-030,Supplier Generic 30,Japan,Packaging,Low,2024-07-05,2024-08-02,88753,,,Net 90,Sea,6509.9,22.3,78.3,5,0,2024-07-31,-2,Complete,0
PO-2024-000157,SUP-006,PT Sumber Teknik Mandiri,India,Raw Material,Low,2024-03-18,2024-04-10,254,15.9,4038.6,COD,Sea,3920.9,18.0,87.2,4,1,2024-04-13,3,Complete,1
PO-2024-002048,SUP-002,PT Mitra Komponen Nusantara,China,Raw Material,Medium,2024-07-09,2024-08-04,1400,5.92,8288.0,Net 30,Sea,3916.9,18.5,59.4,8,0,2024-08-04,0,Complete,0
PO-2024-000420,SUP-003,PT Baja Presisi Indonesia,Thailand,Raw Material,High,2024-03-01,2024-03-19,377,20.16,7600.32,Net 30,Sea,2348.1,14.9,78.5,1,1,2024-03-17,-2,Complete,0
PO-2024-000832,SUP-043,Supplier Generic 43,japan,Packaging,High,2024-11-26,2024-12-19,482,18.03,8690.46,Net 30,Sea,6630.9,18.0,63.2,9,1,2024-12-22,3,Complete,1
PO-2024-001359,SUP-035,Supplier Generic 35,China,Raw Material,Medium,2024-02-15,2024-03-03,633,3.31,2095.23,Net 30,Sea,3597.3,14.5,80.7,2,0,2024-03-06,3,Complete,1
PO-2024-000778,SUP-017,PT Prima Rekayasa Komponen,Vietnam,MRO,Low,2024-11-06,2024-12-01,108,12.36,1334.88,Net 60,Sea,2286.6,19.5,65.3,10,1,2024-11-29,-2,Complete,0
PO-2024-002184,SUP-011,Tokyo Machining Corp,China,Component,Medium,2024-05-31,2024-06-17,122,16.07,1960.54,Net 30,Air,3974.4,17.8,67.1,9,0,2024-06-19,2,Complete,1
PO-2024-001893,SUP-027,Supplier Generic 27,China,Packaging,Medium,2024-03-14,2024-04-06,381,11.38,4335.78,Net 30,Sea,3168.7,20.3,50.7,5,1,2024-04-18,12,Complete,1
PO-2024-002201,SUP-032,Supplier Generic 32,India,Component,Low,2024-10-17,2024-11-10,191,4.85,926.35,Net 30,Sea,4462.6,19.2,90.1,6,0,2024-11-08,-2,Complete,0
PO-2024-002101,SUP-034,Supplier Generic 34,China,Raw Material,Low,2024-05-19,2024-06-10,7073,8.56,60544.88,Net 90,Sea,3700.9,17.8,81.6,3,0,2024-06-09,-1,Complete,0
PO-2024-001926,SUP-025,Supplier Generic 25,South Korea,Component,Medium,2024-05-09,2024-06-02,692,6.21,4297.32,Net 30,Sea,5964.0,22.0,76.1,3,0,2024-06-02,0,Complete,0
PO-2024-001225,SUP-009,Hanoi Component Supply,Indonesia,Component,Low,2024-09-16,2024-09-28,1058,1.88,1989.04,Net 30,Land,297.0,7.6,90.8,4,0,2024-09-27,-1,Complete,0
PO-2024-000350,SUP-020,PT Wijaya Sparepart Utama,Germany,Raw Material,Low,2024-01-25,2024-02-22,2386,3.89,9281.54,Net 30,Sea,13390.6,23.3,57.9,7,0,2024-02-21,-1,Complete,0
PO-2024-001920,SUP-002,PT Mitra Komponen Nusantara,China,MRO,Low,2024-03-03,2024-03-18,3803,16.45,62559.35,Net 60,Air,2590.6,18.5,59.4,7,1,2024-03-20,2,Complete,1
PO-2024-001057,SUP-019,PT Teknindo Sukses Mandiri,South Korea,Component,Low,2024-11-10,2024-12-09,1189,10.38,12341.82,Net 60,Sea,5260.3,24.2,59.8,10,1,2024-12-06,-3,Complete,0
PO-2024-000319,SUP-004,PT Karya Plastik Sejahtera,Japan,Raw Material,Medium,2024-12-31,2025-01-22,167,6.04,1008.68,COD,Sea,5681.1,18.9,59.3,5,1,2025-01-20,-2,Complete,0
PO-2024-001638,SUP-024,Supplier Generic 24,Thailand,Packaging,Low,2024-01-30,2024-02-15,752,13.89,10445.28,Net 30,Sea,2386.9,11.9,99.0,3,0,2024-02-15,0,Complete,0
PO-2024-000544,SUP-041,Supplier Generic 41,China,Component,Medium,2024-01-18,2024-02-11,705,6.0,4230.0,Net 60,Sea,3384.3,18.1,43.3,9,0,2024-02-19,8,Complete,1
PO-2024-001887,SUP-040,Supplier Generic 40,Japan,Packaging,Medium,2024-07-28,2024-08-22,1052,20.5,21566.0,Net 60,Sea,5287.2,17.0,67.4,9,0,2024-08-20,-2,Complete,0
PO-2024-002382,SUP-016,PT Cahaya Logistik Industri,Indonesia,Packaging,Low,2024-07-14,2024-07-23,762,12.67,9654.54,Net 30,Land,365.9,10.2,67.7,7,0,2024-07-22,-1,Complete,0
PO-2024-000494,SUP-049,Supplier Generic 49,Japan,MRO,Low,2024-11-27,2024-12-22,1760,37.29,65630.4,Net 60,Sea,6046.8,20.2,40.0,4,1,2024-12-22,0,Complete,0
PO-2024-002418,SUP-005,PT Anugerah Kemasan,Indonesia,Raw Material,Medium,2024-05-19,2024-05-21,433,18.36,7949.88,COD,Land,388.2,2.0,98.1,6,0,2024-05-21,0,Complete,0
PO-2024-002001,SUP-022,Supplier Generic 22,China,Component,Low,2024-04-05,2024-04-23,845,12.28,10376.6,Net 90,Sea,3653.2,17.1,99.0,4,1,2024-04-22,-1,Complete,0
PO-2024-000724,SUP-048,Supplier Generic 48,Indonesia,Raw Material,Medium,2024-01-01,2024-01-08,838,10.04,8413.52,Net 60,Land,385.1,5.9,96.4,5,0,2024-01-05,-3,Complete,0
PO-2024-000181,SUP-026,Supplier Generic 26,Indonesia,Component,Low,2024-09-24,2024-09-26,1186,18.51,21952.86,Net 30,Land,311.5,2.0,83.4,2,0,2024-09-24,-2,Complete,0
PO-2024-002280,SUP-032,Supplier Generic 32,India,Raw Material,High,2024-08-30,2024-09-14,837,5.76,4821.12,Net 60,Air,5776.2,19.2,90.1,4,0,2024-09-14,0,Complete,0
PO-2024-000245,SUP-008,Shenzhen Precision Metals,south korea,Raw Material,Medium,2024-01-04,2024-01-21,120,10.83,1299.6,Net 90,Sea,5519.1,14.4,61.0,8,0,2024-01-20,-1,Complete,0
PO-2024-000167,SUP-023,Supplier Generic 23,India,Raw Material,Low,2024-05-25,2024-06-15,4870,8.69,42320.3,Net 90,Sea,4667.0,17.2,48.9,6,0,2024-06-16,1,Complete,1
PO-2024-001299,SUP-033,Supplier Generic 33,China,Raw Material,Medium,2024-04-16,2024-04-29,1099,2.6,2857.4,Net 90,Air,2883.1,13.3,,5,1,2024-05-02,3,Complete,1
PO-2024-000393,SUP-048,Supplier Generic 48,Indonesia,Packaging,Low,2024-07-22,2024-07-30,663,58.93,39070.59,Net 60,Land,325.5,5.9,96.4,4,0,2024-07-30,0,Complete,0
PO-2024-001245,SUP-042,Supplier Generic 42,South Korea,Component,Medium,2024-10-05,2024-10-26,1140,4.38,4993.2,Net 90,Sea,4539.0,15.4,,2,0,2024-10-26,0,Complete,0
PO-2024-002194,SUP-018,PT Bumi Kemasan Lestari,Indonesia,MRO,High,2024-06-16,2024-06-23,83,8.91,739.53,Net 60,Courier,359.5,6.3,51.1,5,0,2024-06-23,0,Complete,0
PO-2024-000941,SUP-043,Supplier Generic 43,Japan,Packaging,Medium,2024-12-16,2025-01-06,615,7.74,4760.1,Net 30,sea,6718.8,18.0,63.2,5,1,2025-01-18,12,Complete,1
PO-2024-000747,SUP-003,PT Baja Presisi Indonesia,Thailand,Packaging,High,2024-03-14,2024-04-02,312,10.61,3310.32,Net 60,Sea,2107.0,14.9,78.5,1,1,2024-04-13,11,Complete,1
PO-2024-001181,SUP-029,Supplier Generic 29,Indonesia,Component,Low,2024-05-11,2024-05-18,251,6.48,1626.48,Net 30,Courier,274.1,8.5,40.0,2,0,2024-05-22,4,Complete,1
PO-2024-002125,SUP-022,Supplier Generic 22,China,Component,Medium,2024-05-24,2024-06-17,643,7.08,4552.44,COD,Sea,2560.5,17.1,99.0,6,0,2024-06-29,12,Complete,1
PO-2024-001663,SUP-050,Supplier Generic 50,Indonesia,MRO,Medium,2024-12-23,2024-12-30,10258,20.91,214494.78,Net 60,Courier,391.4,6.2,78.9,9,1,2024-12-28,-2,Complete,0
PO-2024-002192,SUP-048,Supplier Generic 48,Indonesia,Packaging,Low,2024-02-24,2024-03-05,2137,30.31,64772.47,COD,Land,329.2,5.9,96.4,5,0,2024-03-04,-1,Complete,0
PO-2024-000381,SUP-042,Supplier Generic 42,South Korea,Component,Medium,2024-10-16,2024-11-06,1382,15.36,21227.52,Net 30,Sea,5300.8,15.4,64.2,10,0,2024-11-04,-2,Complete,0
PO-2024-001604,SUP-039,Supplier Generic 39,Indonesia,Packaging,High,2024-05-04,2024-05-06,1140,5.26,5996.4,Net 30,Land,354.2,2.9,79.9,2,0,2024-05-03,-3,Complete,0
PO-2024-002393,SUP-046,Supplier Generic 46, South Korea ,Raw Material,Low,2024-09-26,2024-10-23,201,13.88,2789.88,COD,Sea,4956.2,20.8,93.5,3,0,2024-10-20,-3,Complete,0
PO-2024-001092,SUP-025,Supplier Generic 25,SOUTH KOREA,MRO,Low,2024-04-16,2024-05-16,1030,39.2,40376.0,Net 90,Sea,5663.7,22.0,76.1,3,1,2024-05-16,0,Complete,0
PO-2024-000022,SUP-017,PT Prima Rekayasa Komponen,Vietnam,Component,Medium,2024-09-05,2024-10-01,738,47.34,34936.92,Net 60,Sea,2251.5,19.5,65.3,1,0,2024-09-28,-3,Complete,0
PO-2024-002193,SUP-007,Global Parts Co.,usa,Component,Medium,2024-02-07,2024-03-12,341,9.28,3164.48,Net 30,Sea,17013.5,30.2,59.5,10,0,2024-03-09,-3,Complete,0
PO-2024-000188,SUP-045,Supplier Generic 45,South Korea,Component,Low,2024-08-23,2024-09-21,1017,6.35,6457.95,Net 30,Sea,5357.1,22.5,72.4,4,0,2024-09-19,-2,Complete,0
PO-2024-002460,SUP-028,Supplier Generic 28,Indonesia,MRO,Low,2024-10-26,2024-10-29,769,7.52,5782.88,Net 90,Land,322.6,4.4,83.4,4,0,2024-10-27,-2,Complete,0
PO-2024-001015,SUP-039,Supplier Generic 39,Indonesia,Raw Material,Medium,2024-09-07,2024-09-12,442,6.45,2850.9,Net 60,Land,385.4,2.9,79.9,5,0,2024-09-11,-1,Complete,0
PO-2024-001752,SUP-034,Supplier Generic 34,CHINA,Packaging,Medium,2024-06-16,2024-07-10,1079,17.81,19216.99,Net 60,Sea,3171.1,17.8,81.6,4,0,2024-07-07,-3,Complete,0
PO-2024-000171,SUP-003,PT Baja Presisi Indonesia,Thailand,Raw Material,Medium,2024-06-21,2024-07-01,356,7.41,2637.96,Net 90,Air,2057.2,14.9,78.5,10,0,2024-06-30,-1,Complete,0
PO-2024-001372,SUP-034,Supplier Generic 34,China,MRO,Low,2024-06-12,2024-06-25,217,10.28,2230.76,COD,Air,3107.0,17.8,81.6,5,0,2024-06-22,-3,Complete,0
PO-2024-001854,SUP-047,Supplier Generic 47,China,MRO,Low,2024-12-01,2024-12-15,989,12.46,12322.94,Net 30,Sea,3059.0,11.1,49.4,2,1,2024-12-14,-1,Pending,0
PO-2024-000010,SUP-006,PT Sumber Teknik Mandiri,India,Raw Material,Medium,2024-05-14,2024-06-04,910,8.22,7480.2,Net 90,Sea,5446.4,18.0,87.2,7,0,2024-06-03,-1,Complete,0
PO-2024-001665,SUP-009,Hanoi Component Supply,Indonesia,Raw Material,Medium,2024-09-02,2024-09-07,58,52.5,3045.0,Net 60,Courier,342.2,7.6,90.8,3,0,2024-09-07,0,Complete,0
PO-2024-002228,SUP-010,Deutsche Praezisionsteile GmbH,China,Raw Material,Medium,2024-08-23,2024-09-15,93,3.14,292.02,Net 30,Sea,3214.6,17.0,64.2,7,0,2024-09-12,-3,Complete,0
PO-2024-000827,SUP-005,PT Anugerah Kemasan,Indonesia,MRO,High,2024-02-04,2024-02-06,3825,36.72,140454.0,Net 30,Land,401.3,2.0,98.1,9,0,2024-02-06,0,Complete,0
PO-2024-001239,SUP-049,Supplier Generic 49,Japan,Packaging,Medium,2024-05-03,2024-05-23,3128,2.92,9133.76,COD,air,6033.2,20.2,40.0,9,0,2024-05-20,-3,Complete,0
PO-2024-001977,SUP-046,Supplier Generic 46,south korea,Component,Medium,2024-06-30,2024-07-25,1069,8.64,9236.16,Net 60,Sea,4890.7,20.8,93.5,4,0,2024-07-25,0,Complete,0
PO-2024-001712,SUP-020,PT Wijaya Sparepart Utama,Germany,Component,Medium,2024-12-20,2025-01-15,224,10.82,2423.68,,Sea,11862.6,23.3,57.9,3,1,2025-01-28,13,Complete,1
PO-2024-000285,SUP-041,Supplier Generic 41,China,Packaging,Medium,2024-06-02,2024-06-26,299,19.69,5887.31,Net 30,Sea,3179.5,18.1,43.3,10,0,2024-06-26,0,Complete,0
PO-2024-000617,SUP-022,Supplier Generic 22,China,Component,Low,2024-03-24,2024-04-19,141,59.64,8409.24,Net 30,Sea,2989.9,17.1,99.0,2,1,2024-04-17,-2,Complete,0
PO-2024-001395,SUP-015,KL Electronic Parts,China,Raw Material,Low,2024-10-19,2024-11-15,658,6.78,4461.24,Net 90,Sea,3667.5,19.7,79.7,5,0,2024-11-14,-1,Complete,0
PO-2024-002247,SUP-049,Supplier Generic 49, Japan ,Component,Low,2024-08-15,2024-09-04,1979,57.05,112901.95,Net 60,Air,6774.7,20.2,40.0,5,0,2024-09-13,9,Complete,1
PO-2024-002166,SUP-012,Seoul Alloy Industries,Malaysia,Raw Material,Medium,2024-08-06,2024-08-19,814,12.64,10288.96,Net 30,Sea,1916.0,6.8,96.6,7,0,2024-08-16,-3,Complete,0
PO-2024-000474,SUP-001,PT Sinar Logam Jaya,South Korea,Packaging,High,2024-05-08,2024-06-01,1831,15.08,27611.48,,sea,4776.5,18.3,85.9,4,0,2024-05-30,-2,Complete,0
PO-2024-000140,SUP-043,Supplier Generic 43,Japan,Component,Low,2024-04-29,2024-05-22,232,7.48,1735.36,Net 60,Sea,6602.1,18.0,63.2,5,1,2024-05-19,-3,Complete,0
PO-2024-002147,SUP-042,Supplier Generic 42,South Korea,Component,High,2024-12-05,2024-12-25,301,44.69,13451.69,Net 30,Sea,4636.8,15.4,64.2,7,1,2024-12-22,-3,Complete,0
PO-2024-001190,SUP-013,Bangkok Packaging Solutions,Germany,Raw Material,Low,2024-11-15,2024-12-13,2652,32.23,85473.96,Net 60,Sea,11707.5,21.0,53.4,4,1,2024-12-11,-2,Complete,0
PO-2024-001251,SUP-019,PT Teknindo Sukses Mandiri,South Korea,Packaging,Medium,2024-04-16,2024-05-13,1155,13.29,15349.95,Net 30,Sea,5897.8,24.2,59.8,9,1,2024-05-26,13,Complete,1
PO-2024-002224,SUP-009,Hanoi Component Supply,Indonesia,Packaging,Medium,2024-01-06,2024-01-13,2808,7.59,21312.72,Net 60,Courier,340.8,7.6,90.8,6,0,2024-01-12,-1,Complete,0
PO-2024-000192,SUP-009,Hanoi Component Supply,Indonesia,Raw Material,Low,2024-10-23,2024-11-02,734,10.21,7494.14,Net 60,Land,374.9,7.6,90.8,2,0,2024-10-31,-2,Complete,0
PO-2024-001331,SUP-023,Supplier Generic 23,india,Component,Low,2024-05-11,2024-05-24,829,8.49,7038.21,Net 30,Air,4706.5,17.2,48.9,10,0,2024-06-03,10,Complete,1
PO-2024-000044,SUP-037,Supplier Generic 37, Indonesia ,Component,Low,2024-04-21,2024-04-30,3197,5.48,17519.56,Net 30,Courier ,337.7,9.5,88.9,3,1,2024-04-27,-3,Complete,0
PO-2024-001508,SUP-022,Supplier Generic 22,China,Component,Low,2024-02-15,2024-03-05,1965,47.67,93671.55,Net 60,Sea,3601.9,17.1,99.0,3,0,2024-03-04,-1,Complete,0
PO-2024-000797,SUP-038,Supplier Generic 38,China,MRO,Low,2024-01-22,2024-02-07,467,6.19,2890.73,Net 90,Air,3992.2,19.9,70.2,7,0,2024-02-05,-2,Complete,0
PO-2024-001544,SUP-050,Supplier Generic 50,Indonesia,Raw Material,Low,2024-12-11,2024-12-17,318,1.69,537.42,COD,Land,291.0,6.2,78.9,5,1,2024-12-31,14,Complete,1
PO-2024-000321,SUP-046,Supplier Generic 46,South Korea,Component,High,2024-06-25,2024-07-11,41,14.77,605.57,Net 90,Air,5621.1,20.8,93.5,9,0,2024-07-09,-2,Complete,0
PO-2024-001342,SUP-037,Supplier Generic 37,Indonesia,Raw Material,Low,2024-04-11,2024-04-22,978,,,Net 60,Land,360.7,9.5,88.9,6,1,2024-04-26,4,Complete,1
PO-2024-000755,SUP-045,Supplier Generic 45,South Korea,Component,Low,2024-02-09,2024-03-08,91,36.59,3329.69,Net 30,Sea,4666.5,22.5,72.4,10,0,2024-03-12,4,Complete,1
PO-2024-001042,SUP-031,Supplier Generic 31,USA,Raw Material,Medium,2024-02-25,2024-03-29,606,7.71,4672.26,Net 90,Sea,17856.9,30.5,89.8,4,0,2024-03-29,0,Partial,0
PO-2024-002485,SUP-047,Supplier Generic 47,China,MRO,Medium,2024-03-29,2024-04-09,5104,5.63,28735.52,COD,Sea,3188.3,11.1,49.4,3,1,2024-04-07,-2,Complete,0
PO-2024-000431,SUP-027,Supplier Generic 27,China,Raw Material,High,2024-08-09,2024-09-07,755,49.02,37010.1,Net 30,Sea,2741.2,20.3,50.7,4,0,2024-09-07,0,Complete,0
PO-2024-002375,SUP-018,PT Bumi Kemasan Lestari,Indonesia,Raw Material,Low,2024-09-13,2024-09-16,1344,9.91,13319.04,COD,Land,370.1,6.3,51.1,4,0,2024-09-13,-3,Complete,0
PO-2024-000395,SUP-032,Supplier Generic 32,India,Component,Medium,2024-04-08,2024-04-21,3591,4.09,14687.19,COD,Air,4825.1,19.2,90.1,2,1,2024-04-21,0,Complete,0
PO-2024-000238,SUP-022,Supplier Generic 22,China,Component,Low,2024-10-15,2024-11-09,279,21.61,6029.19,Net 30,Sea,3637.3,17.1,99.0,1,0,2024-11-06,-3,Complete,0
PO-2024-001004,SUP-026,Supplier Generic 26,Indonesia,MRO,Low,2024-11-13,2024-11-15,1875,21.87,41006.25,Net 90,Courier,345.5,2.0,83.4,3,1,2024-11-18,3,Complete,1
PO-2024-002344,SUP-014,Chennai Steel Works,South Korea,Packaging,Low,2024-07-29,2024-08-17,2789,,,Net 30,Air,6072.8,22.9,73.9,6,0,2024-08-14,-3,Complete,0
PO-2024-000346,SUP-035,Supplier Generic 35,China,Packaging,High,2024-05-07,2024-05-26,378,12.11,4577.58,Net 30,sea,3427.9,14.5,80.7,5,0,2024-05-25,-1,Complete,0
PO-2024-000963,SUP-047,Supplier Generic 47,China,MRO,Medium,2024-11-23,2024-12-09,257,23.27,5980.39,Net 60,Sea,3382.9,11.1,49.4,6,1,2024-12-07,-2,Pending,0
PO-2024-002410,SUP-045,Supplier Generic 45,South Korea,Raw Material,Low,2024-08-05,2024-08-24,130,29.36,3816.8,Net 60,Air,5370.2,22.5,72.4,5,0,2024-08-24,0,Partial,0
PO-2024-002097,SUP-010,Deutsche Praezisionsteile GmbH,China,Packaging,Low,2024-08-21,2024-09-11,436,25.04,10917.44,Net 90,Sea,3131.2,17.0,64.2,5,0,2024-09-10,-1,Complete,0
PO-2024-001365,SUP-042,Supplier Generic 42,South Korea,Raw Material,Medium,2024-02-13,2024-02-24,2242,6.78,15200.76,Net 30,Air,5530.2,15.4,64.2,5,0,2024-02-22,-2,Complete,0
PO-2024-001624,SUP-005,PT Anugerah Kemasan,Indonesia,MRO,Low,2024-04-17,2024-04-19,291,,,Net 30,Courier,366.5,2.0,98.1,6,1,2024-05-01,12,Complete,1
PO-2024-000458,SUP-009,Hanoi Component Supply,Indonesia,Component,Low,2024-11-18,2024-11-20,1887,23.02,43438.74,Net 30,Land,385.8,7.6,90.8,3,1,2024-12-03,13,Complete,1
PO-2024-001200,SUP-026,Supplier Generic 26,Indonesia,Raw Material,High,2024-12-25,2024-12-27,322,4.08,1313.76,Net 30,Courier,360.8,2.0,83.4,9,1,2024-12-24,-3,Complete,0
PO-2024-000460,SUP-017,PT Prima Rekayasa Komponen,Vietnam,Packaging,Medium,2024-11-04,2024-11-29,1727,25.32,43727.64,Net 60,Sea,2806.7,19.5,65.3,6,1,2024-11-29,0,Complete,0
PO-2024-000943,SUP-042,Supplier Generic 42,South Korea,Packaging,Low,2024-12-26,2025-01-17,279,14.66,4090.14,COD,Sea,4788.7,15.4,64.2,7,1,2025-01-14,-3,Complete,0
PO-2024-001650,SUP-005,PT Anugerah Kemasan,Indonesia,Component,High,2024-02-28,2024-03-01,2195,15.54,34110.3,Net 90,courier,384.9,2.0,98.1,3,0,2024-03-01,0,Complete,0
PO-2024-002122,SUP-045,Supplier Generic 45,South Korea,Component,High,2024-05-28,2024-06-23,1607,6.97,11200.79,Net 60,Sea,4960.2,22.5,72.4,6,0,2024-06-22,-1,Complete,0
PO-2024-000475,SUP-021,Supplier Generic 21,USA,Component,Low,2024-02-07,2024-03-05,322,9.16,2949.52,Net 60,Air,18958.1,27.5,76.2,5,0,2024-03-04,-1,Complete,0
PO-2024-001791,SUP-023,Supplier Generic 23,India,Packaging,High,2024-06-16,2024-06-27,1124,28.98,32573.52,Net 30,Air,4805.4,17.2,48.9,7,0,2024-07-07,10,Complete,1
PO-2024-001109,SUP-039,Supplier Generic 39,Indonesia,Component,High,2024-01-24,2024-01-26,384,26.54,10191.36,Net 30,Land,315.5,2.9,79.9,2,0,2024-01-30,4,Complete,1
PO-2024-000464,SUP-002,PT Mitra Komponen Nusantara,China,Raw Material,Low,2024-06-04,2024-06-20,191,6.37,1216.67,Net 90,Air,3325.5,18.5,59.4,9,0,2024-06-27,7,Partial,1
PO-2024-000006,SUP-047,Supplier Generic 47,China,Component,High,2024-10-09,2024-10-26,529,3.35,1772.15,Net 90,Sea,3516.3,11.1,,6,0,2024-10-26,0,Pending,0
PO-2024-000842,SUP-039,Supplier Generic 39,Indonesia,MRO,Medium,2024-08-10,2024-08-15,962,9.55,9187.1,Net 30,Land,368.5,2.9,79.9,5,0,2024-08-28,13,Complete,1
PO-2024-000327,SUP-021,Supplier Generic 21,USA,Packaging,Medium,2024-12-29,2025-01-30,1013,19.6,19854.8,Net 30,Sea,18750.0,27.5,76.2,3,1,2025-01-30,0,Complete,0
PO-2024-001765,SUP-033,Supplier Generic 33,China,Packaging,Medium,2024-08-01,2024-08-17,616,13.25,8162.0,Net 60,Sea,3297.2,13.3,81.7,4,0,2024-08-31,14,Complete,1
PO-2024-001696,SUP-003,PT Baja Presisi Indonesia,Thailand,Component,Medium,2024-03-28,2024-04-15,11421,20.33,232188.93,Net 30,Sea,2319.1,14.9,78.5,4,1,2024-04-14,-1,Complete,0
PO-2024-002152,SUP-008,Shenzhen Precision Metals,South Korea,MRO,Medium,2024-07-25,2024-08-15,1356,16.39,22224.84,Net 30,Sea,4535.1,14.4,61.0,9,0,2024-08-26,11,Complete,1
PO-2024-001465,SUP-035,Supplier Generic 35,China,Raw Material,Low,2024-04-23,2024-05-15,365,6.26,2284.9,Net 60,Sea,2439.6,14.5,80.7,10,1,2024-05-12,-3,Complete,0
PO-2024-001084,SUP-027,Supplier Generic 27,China,MRO,Medium,2024-09-19,2024-10-11,458,11.49,5262.42,Net 30,Sea,3139.5,20.3,50.7,3,0,2024-10-11,0,Complete,0
PO-2024-001154,SUP-039,Supplier Generic 39, Indonesia ,Component,High,2024-05-18,2024-05-20,2391,,,Net 30,Courier,363.5,2.9,79.9,8,0,2024-05-28,8,Complete,1
PO-2024-000695,SUP-004,PT Karya Plastik Sejahtera,Japan,Raw Material,Medium,2024-04-28,2024-05-14,1589,6.89,10948.21,Net 60,Air,5393.2,18.9,59.3,12,1,2024-05-27,13,Complete,1
PO-2024-000388,SUP-008,Shenzhen Precision Metals,South Korea,Component,Low,2024-11-21,2024-12-10,1214,19.76,23988.64,Net 30,Sea,3845.0,14.4,61.0,4,1,2024-12-08,-2,Complete,0
PO-2024-000604,SUP-020,PT Wijaya Sparepart Utama,Germany,Raw Material,High,2024-06-07,2024-06-28,331,14.22,4706.82,Net 60,Air,11092.6,23.3,57.9,5,0,2024-06-27,-1,Complete,0
PO-2024-000843,SUP-050,Supplier Generic 50,Indonesia,Packaging,High,2024-12-23,2024-12-31,1253,29.57,37051.21,Net 30,land,391.7,6.2,78.9,2,1,2024-12-30,-1,Complete,0
PO-2024-000323,SUP-022,Supplier Generic 22,China,Raw Material,High,2024-10-20,2024-11-03,821,33.05,27134.05,Net 60,Air,3562.8,17.1,99.0,4,0,2024-11-03,0,Complete,0
PO-2024-002405,SUP-032,Supplier Generic 32,India,Packaging,High,2024-09-14,2024-10-05,258,11.43,2948.94,Net 30,Air,5274.4,19.2,90.1,1,0,2024-10-03,-2,Complete,0
PO-2024-001014,SUP-006,PT Sumber Teknik Mandiri,India,Packaging,High,2024-03-29,2024-04-24,699,36.46,25485.54,COD,Sea,4875.6,18.0,87.2,1,1,2024-04-24,0,Complete,0
PO-2024-002113,SUP-032,Supplier Generic 32,India,Component,Low,2024-09-02,2024-09-27,1012,7.62,7711.44,COD,Sea,5440.7,19.2,90.1,7,0,2024-09-25,-2,Complete,0
PO-2024-002230,SUP-006,PT Sumber Teknik Mandiri,India,Component,Low,2024-01-05,2024-01-31,500,7.5,3750.0,Net 30,Sea,4491.2,18.0,87.2,2,0,2024-01-30,-1,Complete,0
PO-2024-002229,SUP-042,Supplier Generic 42,South Korea,Component,Low,2024-06-26,2024-07-16,3117,30.71,95723.07,Net 30,Sea,4385.9,15.4,64.2,7,0,2024-07-16,0,Complete,0
PO-2024-002470,SUP-048,Supplier Generic 48,Indonesia,Component,Low,2024-03-18,2024-03-24,109,4.24,462.16,,courier,330.6,5.9,96.4,7,1,2024-03-23,-1,Complete,0
PO-2024-000555,SUP-019,PT Teknindo Sukses Mandiri,South Korea,Raw Material,High,2024-12-01,2024-12-28,51,9.47,482.97,Net 30,Sea,5153.0,24.2,59.8,4,1,2024-12-26,-2,Complete,0
PO-2024-001585,SUP-014,Chennai Steel Works,South Korea,Packaging,High,2024-07-04,2024-07-25,230,21.73,4997.9,Net 60,Air,4819.5,22.9,73.9,12,0,2024-07-25,0,Complete,0
PO-2024-000831,SUP-035,Supplier Generic 35,China,Raw Material,Medium,2024-06-19,2024-07-10,1394,6.02,8391.88,Net 30,Sea,3113.7,14.5,80.7,7,0,2024-07-07,-3,Complete,0
PO-2024-001102,SUP-013,Bangkok Packaging Solutions,Germany,Component,Medium,2024-02-18,2024-03-15,872,16.68,14544.96,Net 30,Sea,12202.2,21.0,53.4,10,0,2024-03-12,-3,Complete,0
PO-2024-000308,SUP-043,Supplier Generic 43,Japan,Raw Material,Low,2024-11-03,2024-11-19,2659,17.38,46213.42,Net 30,Air,5737.6,18.0,63.2,7,1,2024-11-23,4,Complete,1
PO-2024-000073,SUP-028,Supplier Generic 28,Indonesia,Packaging,High,2024-05-15,2024-05-18,719,6.11,4393.09,Net 30,Land,378.3,4.4,83.4,4,0,2024-05-16,-2,Complete,0
PO-2024-000258,SUP-024,Supplier Generic 24,Thailand,Raw Material,Medium,2024-12-13,2024-12-29,508,21.64,10993.12,Net 30,Sea,2421.6,11.9,99.0,2,1,2024-12-29,0,Complete,0
PO-2024-002425,SUP-025,Supplier Generic 25,South Korea,Component,High,2024-10-16,2024-11-12,762,21.91,16695.42,Net 30,Sea,4820.5,22.0,76.1,7,0,2024-11-11,-1,Complete,0
PO-2024-000003,SUP-012,Seoul Alloy Industries,Malaysia,Raw Material,Medium,2024-08-08,2024-08-12,887,9.96,8834.52,COD,Air,1792.3,6.8,96.6,5,0,2024-08-10,-2,Complete,0
PO-2024-001303,SUP-036,Supplier Generic 36,Indonesia,Raw Material,Medium,2024-07-18,2024-07-24,849,32.57,27651.93,Net 30,Land,394.8,3.4,40.0,5,0,2024-07-23,-1,Complete,0
PO-2024-002330,SUP-045,Supplier Generic 45,South Korea,MRO,Low,2024-11-17,2024-12-06,703,72.83,51199.49,Net 60,air,6060.8,22.5,72.4,4,1,2024-12-03,-3,Complete,0
PO-2024-001392,SUP-007,Global Parts Co.,USA,Component,Low,2024-10-07,2024-11-13,704,6.87,4836.48,Net 60,Sea,16057.8,30.2,59.5,10,0,2024-11-26,13,Complete,1
PO-2024-002380,SUP-038,Supplier Generic 38,China,MRO,Medium,2024-12-23,2025-01-16,1337,4.59,6136.83,Net 30,Sea,3012.8,19.9,70.2,5,1,2025-01-14,-2,Complete,0
PO-2024-000930,SUP-015,KL Electronic Parts,China,Raw Material,Low,2024-09-12,2024-10-09,84,7.96,668.64,Net 30,Sea,3035.6,19.7,79.7,5,0,2024-10-07,-2,Complete,0
PO-2024-002182,SUP-032,Supplier Generic 32,India,MRO,Medium,2024-09-08,2024-09-24,1119,13.06,14614.14,Net 60,Air,4862.3,19.2,90.1,4,0,2024-09-23,-1,Complete,0
PO-2024-001976,SUP-031,Supplier Generic 31,USA,Packaging,High,2024-05-31,2024-07-08,480,9.18,4406.4,Net 30,Sea,18009.2,30.5,89.8,5,0,2024-07-08,0,Complete,0
PO-2024-000480,SUP-032,Supplier Generic 32,India,Raw Material,Medium,2024-11-28,2024-12-11,3907,13.66,53369.62,Net 30,Air,4604.1,19.2,90.1,2,1,2024-12-09,-2,Complete,0
PO-2024-002045,SUP-007,Global Parts Co.,USA,Component,Medium,2024-01-17,2024-02-20,972,19.27,18730.44,Net 60,Sea,16045.5,30.2,,6,0,2024-02-18,-2,Complete,0
PO-2024-002442,SUP-050,Supplier Generic 50,Indonesia,Raw Material,Medium,2024-04-28,2024-05-05,592,12.13,7180.96,Net 30,Land,352.8,6.2,78.9,4,1,2024-05-03,-2,Complete,0
PO-2024-002094,SUP-010,Deutsche Praezisionsteile GmbH,China,MRO,Medium,2024-05-17,2024-05-26,64,2.93,187.52,Net 60,Air,3380.1,17.0,64.2,4,0,2024-05-23,-3,Complete,0
PO-2024-000910,SUP-050,Supplier Generic 50,Indonesia,MRO,Low,2024-09-24,2024-09-27,255,11.9,3034.5,Net 90,Courier,398.8,6.2,78.9,3,0,2024-09-27,0,Complete,0
PO-2024-001610,SUP-042,Supplier Generic 42,South Korea,Packaging,Medium,2024-08-15,2024-09-07,355,33.27,11810.85,Net 30,Sea,5010.7,15.4,64.2,2,0,2024-09-17,10,Complete,1
PO-2024-000118,SUP-008,Shenzhen Precision Metals,South Korea,Packaging,Medium,2024-03-26,2024-04-07,1654,11.24,18590.96,COD,Air,5921.2,14.4,61.0,9,1,2024-04-05,-2,Complete,0
PO-2024-001558,SUP-024,Supplier Generic 24,Thailand,Raw Material,High,2024-11-27,2024-12-04,3304,13.14,43414.56,Net 60,Air,2096.5,11.9,99.0,5,1,2024-12-03,-1,Complete,0
PO-2024-002046,SUP-022,Supplier Generic 22,China,MRO,Low,2024-05-28,2024-06-20,487,15.26,7431.62,Net 30,Sea,2737.9,17.1,99.0,4,0,2024-06-18,-2,Complete,0
PO-2024-002282,SUP-018,PT Bumi Kemasan Lestari,Indonesia,MRO,Medium,2024-03-31,2024-04-05,728,10.74,7818.72,Net 60,Land,432.6,6.3,51.1,5,1,2024-04-04,-1,Complete,0
PO-2024-001030,SUP-049,Supplier Generic 49, Japan ,Raw Material,High,2024-03-29,2024-04-22,2576,11.53,29701.28,Net 30,Sea,5945.3,20.2,40.0,7,1,2024-04-23,1,Complete,1
PO-2024-001235,SUP-046,Supplier Generic 46,South Korea,Component,Low,2024-07-17,2024-08-13,54,11.8,637.2,COD,Sea,4600.0,20.8,93.5,4,0,2024-08-11,-2,Complete,0
PO-2024-000218,SUP-033,Supplier Generic 33,China,Packaging,High,2024-02-08,2024-03-02,372,4.16,1547.52,Net 60,Sea,3719.9,13.3,81.7,4,0,2024-03-01,-1,Complete,0
PO-2024-002017,SUP-047,Supplier Generic 47,China,Raw Material,Low,2024-10-08,2024-10-23,1509,43.28,65309.52,Net 90,Sea,3195.2,11.1,49.4,7,0,2024-10-21,-2,Complete,0
PO-2024-002388,SUP-022,Supplier Generic 22,China,MRO,Low,2024-07-20,2024-08-13,1359,17.95,24394.05,Net 90,Sea,3165.5,17.1,99.0,5,0,2024-08-12,-1,Complete,0
PO-2024-000446,SUP-025,Supplier Generic 25,South Korea,Component,Low,2024-07-22,2024-08-10,4081,30.0,122430.0,Net 60,Air,4575.4,22.0,76.1,4,0,2024-08-15,5,Complete,1
PO-2024-001036,SUP-045,Supplier Generic 45,South Korea,Packaging,Medium,2024-09-30,2024-10-22,341,32.97,11242.77,Net 30,Air,5033.6,22.5,72.4,9,0,2024-10-19,-3,Complete,0
PO-2024-001199,SUP-017,PT Prima Rekayasa Komponen,Vietnam,Raw Material,High,2024-01-06,2024-01-30,914,38.88,35536.32,Net 30,Sea,2800.3,19.5,65.3,5,0,2024-02-04,5,Complete,1
PO-2024-001357,SUP-021,Supplier Generic 21,USA,Packaging,Medium,2024-06-18,2024-07-21,87,36.32,3159.84,Net 60,Sea,14863.8,27.5,76.2,6,0,2024-07-20,-1,Complete,0
PO-2024-000777,SUP-002,PT Mitra Komponen Nusantara,China,MRO,Low,2024-11-21,2024-12-12,103,15.37,1583.11,Net 30,Sea,3693.2,18.5,59.4,5,1,2024-12-11,-1,Complete,0
PO-2024-000605,SUP-006,PT Sumber Teknik Mandiri, India ,Component,Medium,2024-10-28,2024-11-16,431,5.96,2568.76,COD,Sea,4888.4,18.0,87.2,7,0,2024-11-16,0,Complete,0
PO-2024-001962,SUP-044,Supplier Generic 44,China,MRO,High,2024-11-02,2024-11-22,811,12.97,10518.67,Net 30,Sea,3533.4,18.9,76.0,8,1,2024-11-20,-2,Complete,0
PO-2024-002064,SUP-003,PT Baja Presisi Indonesia,Thailand,Raw Material,Medium,2024-05-27,2024-06-05,279,26.15,7295.85,Net 60,Air,2294.2,14.9,78.5,8,0,2024-06-04,-1,Complete,0
PO-2024-002461,SUP-031,Supplier Generic 31,USA,Packaging,Medium,2024-12-22,2025-01-23,527,16.52,8706.04,Net 30,Sea,17951.6,30.5,89.8,4,1,2025-01-21,-2,Complete,0
PO-2024-001079,SUP-024,Supplier Generic 24,Thailand,MRO,Medium,2024-10-03,2024-10-10,1556,6.24,9709.44,Net 30,Air,2204.7,11.9,99.0,4,0,2024-10-07,-3,Partial,0
PO-2024-001666,SUP-023,Supplier Generic 23,India,Component,Medium,2024-08-09,2024-08-23,4775,9.4,44885.0,Net 30,Air,4835.0,17.2,48.9,4,0,2024-08-25,2,Complete,1
PO-2024-001956,SUP-043,Supplier Generic 43,Japan,Component,Medium,2024-09-05,2024-09-22,354,13.63,4825.02,Net 30,Air,5576.6,18.0,63.2,3,0,2024-09-19,-3,Complete,0
PO-2024-002240,SUP-050,Supplier Generic 50,Indonesia,MRO,Low,2024-08-31,2024-09-06,3914,11.22,43915.08,Net 30,Land,398.4,6.2,78.9,1,0,2024-09-06,0,Complete,0
PO-2024-001795,SUP-010,Deutsche Praezisionsteile GmbH,China,Component,Low,2024-07-29,2024-08-10,770,2.63,2025.1,Net 30,air,3050.3,17.0,64.2,6,0,2024-08-07,-3,Complete,0
PO-2024-001212,SUP-007,Global Parts Co.,USA,Raw Material,Low,2024-09-04,2024-10-01,743,9.15,6798.45,Net 60,Air,15257.5,30.2,59.5,5,0,2024-10-08,7,Complete,1
PO-2024-002074,SUP-042,Supplier Generic 42,SOUTH KOREA,Packaging,Low,2024-10-20,2024-11-11,1151,22.7,26127.7,Net 60,Sea,5582.7,15.4,64.2,7,0,2024-11-08,-3,Complete,0
PO-2024-000732,SUP-048,Supplier Generic 48,Indonesia,Packaging,Medium,2024-12-31,2025-01-06,1891,11.44,21633.04,Net 60,Courier,370.8,5.9,96.4,3,1,2025-01-06,0,Complete,0
PO-2024-000173,SUP-001,PT Sinar Logam Jaya,South Korea,Component,Low,2024-03-26,2024-04-18,230,15.8,3634.0,Net 30,Sea,5030.2,18.3,85.9,5,1,2024-04-17,-1,Pending,0
PO-2024-002203,SUP-043,Supplier Generic 43,Japan,Raw Material,Medium,2024-04-30,2024-05-19,3237,8.68,28097.16,Net 90,Sea,5387.5,18.0,63.2,5,1,2024-05-31,12,Complete,1
PO-2024-000531,SUP-043,Supplier Generic 43,Japan,Component,Low,2024-07-17,2024-08-07,584,5.57,3252.88,Net 30,Sea,5698.5,18.0,63.2,9,0,2024-08-06,-1,Complete,0
PO-2024-001863,SUP-049,Supplier Generic 49,Japan,Component,High,2024-10-27,2024-11-18,551,5.59,3080.09,Net 30,Sea,5388.2,20.2,40.0,7,0,2024-11-27,9,Complete,1
PO-2024-000766,SUP-001,PT Sinar Logam Jaya,SOUTH KOREA,MRO,Low,2024-09-08,2024-09-30,2444,5.28,12904.32,Net 60,Sea,5889.1,18.3,85.9,2,0,2024-09-30,0,Complete,0
PO-2024-000736,SUP-003,PT Baja Presisi Indonesia,Thailand,Component,High,2024-09-13,2024-10-05,808,8.57,6924.56,Net 60,Sea,2346.5,14.9,78.5,7,0,2024-10-04,-1,Complete,0
PO-2024-000690,SUP-008,Shenzhen Precision Metals,South Korea,Raw Material,Medium,2024-06-25,2024-07-14,2417,29.0,70093.0,Net 30,Sea,4973.0,14.4,61.0,8,0,2024-07-13,-1,Complete,0
PO-2024-002077,SUP-037,Supplier Generic 37,Indonesia,Packaging,Low,2024-10-26,2024-11-03,2458,20.71,50905.18,Net 60,Courier,368.6,9.5,88.9,2,0,2024-10-31,-3,Partial,0
PO-2024-000375,SUP-026,Supplier Generic 26,Indonesia,Raw Material,Medium,2024-11-07,2024-11-09,1696,10.56,17909.76,COD,Courier,385.8,2.0,83.4,6,1,2024-11-10,1,Complete,1
PO-2024-001634,SUP-026,Supplier Generic 26,Indonesia,MRO,Low,2024-06-08,2024-06-10,763,23.69,18075.47,Net 30,Courier,340.2,2.0,83.4,3,0,2024-06-09,-1,Complete,0
PO-2024-001767,SUP-010,Deutsche Praezisionsteile GmbH,China,Raw Material,High,2024-12-20,2025-01-03,434,10.79,4682.86,Net 30,Air,2504.2,17.0,64.2,6,1,2025-01-01,-2,Complete,0
PO-2024-000710,SUP-041,Supplier Generic 41,China,Raw Material,High,2024-07-20,2024-08-13,625,22.4,14000.0,Net 30,Sea,2988.0,18.1,43.3,12,0,2024-08-11,-2,Complete,0
PO-2024-000938,SUP-030,Supplier Generic 30,Japan,Raw Material,Medium,2024-10-08,2024-11-03,1072,32.66,35011.52,Net 60,Sea,5406.3,22.3,78.3,3,0,2024-11-03,0,Complete,0
PO-2024-002378,SUP-013,Bangkok Packaging Solutions,germany,Component,Medium,2024-11-16,2024-12-14,271,10.33,2799.43,Net 60,Sea,11694.1,21.0,53.4,9,1,2024-12-13,-1,Complete,0
PO-2024-001185,SUP-027,Supplier Generic 27,China,Raw Material,Low,2024-05-13,2024-06-07,979,9.83,9623.57,Net 60,Sea,2982.4,20.3,50.7,7,0,2024-06-13,6,Pending,1
PO-2024-001715,SUP-007,Global Parts Co.,USA,Raw Material,Medium,2024-09-13,2024-10-17,2548,35.12,89485.76,Net 30,Sea,16310.8,30.2,59.5,7,0,2024-10-19,2,Complete,1
PO-2024-001075,SUP-030,Supplier Generic 30,Japan,MRO,Low,2024-11-19,2024-12-17,475,10.16,4826.0,Net 60,Sea,6270.9,22.3,78.3,2,1,2024-12-14,-3,Complete,0
PO-2024-001137,SUP-023,Supplier Generic 23,India,Packaging,High,2024-01-18,2024-02-02,159,5.7,906.3,Net 90,Air,4183.0,17.2,48.9,5,0,2024-02-02,0,Complete,0
PO-2024-000008,SUP-006,PT Sumber Teknik Mandiri,India,Component,Medium,2024-12-13,2024-12-31,1853,10.68,19790.04,Net 30,Sea,4709.5,18.0,87.2,6,1,2025-01-03,3,Complete,1
PO-2024-000671,SUP-029,Supplier Generic 29,Indonesia,Raw Material,Low,2024-10-10,2024-10-19,358,35.54,12723.32,Net 30,Courier,357.2,8.5,40.0,6,0,2024-10-31,12,Complete,1
PO-2024-000033,SUP-016,PT Cahaya Logistik Industri,Indonesia,Component,High,2024-06-20,2024-06-28,120,6.75,810.0,Net 30,Land,328.4,10.2,67.7,6,0,2024-06-28,0,Complete,0
PO-2024-000128,SUP-002,PT Mitra Komponen Nusantara,China,MRO,High,2024-04-30,2024-05-23,1264,20.7,26164.8,COD,Sea,2712.9,18.5,59.4,5,1,2024-05-28,5,Complete,1
PO-2024-000355,SUP-034,Supplier Generic 34,China,Raw Material,High,2024-12-30,2025-01-24,1999,27.18,54332.82,COD,Sea,3319.8,17.8,81.6,3,1,2025-01-21,-3,Complete,0
PO-2024-001842,SUP-044,Supplier Generic 44,China,Packaging,High,2024-04-01,2024-04-25,810,10.81,8756.1,Net 30,Sea,3278.9,18.9,76.0,6,1,2024-05-05,10,Complete,1
PO-2024-002049,SUP-011,Tokyo Machining Corp, China ,Packaging,Low,2024-10-03,2024-10-29,463,25.45,11783.35,Net 90,Sea,3277.4,17.8,67.1,4,0,2024-10-29,0,Complete,0
PO-2024-002086,SUP-023,Supplier Generic 23,India,MRO,Low,2024-01-31,2024-02-16,1537,8.88,13648.56,Net 30,Air,4188.1,17.2,48.9,11,0,2024-02-28,12,Complete,1
PO-2024-001320,SUP-043,Supplier Generic 43,Japan,Component,Medium,2024-12-02,2024-12-20,329,53.36,17555.44,Net 90,Sea,5523.7,18.0,63.2,10,1,2024-12-31,11,Complete,1
PO-2024-000493,SUP-015,KL Electronic Parts,China,Raw Material,Medium,2024-06-28,2024-07-16,479,12.79,6126.41,Net 30,Air,2634.1,19.7,79.7,5,0,2024-07-13,-3,Complete,0
PO-2024-000473,SUP-029,Supplier Generic 29,Indonesia,Packaging,Low,2024-09-16,2024-09-24,956,15.56,14875.36,Net 30,Courier,333.2,8.5,40.0,7,0,2024-10-06,12,Complete,1
PO-2024-002137,SUP-006,PT Sumber Teknik Mandiri,India,Raw Material,Medium,2024-04-11,2024-04-27,3079,4.86,14963.94,Net 30,Air,4473.0,18.0,87.2,5,1,2024-05-05,8,Complete,1
PO-2024-001964,SUP-019,PT Teknindo Sukses Mandiri,South Korea,Raw Material,Low,2024-11-18,2024-12-14,1831,7.6,13915.6,Net 30,Sea,5997.4,24.2,59.8,10,1,2024-12-13,-1,Complete,0
PO-2024-000090,SUP-040,Supplier Generic 40,JAPAN,Raw Material,Low,2024-02-09,2024-02-20,204,11.1,2264.4,Net 30,Air,6414.0,17.0,67.4,7,0,2024-02-21,1,Complete,1
PO-2024-001967,SUP-020,PT Wijaya Sparepart Utama,Germany,Raw Material,High,2024-06-17,2024-07-13,1138,14.03,15966.14,Net 60,Sea,9810.3,23.3,57.9,11,0,2024-07-27,14,Complete,1
PO-2024-000098,SUP-015,KL Electronic Parts,China,Raw Material,Low,2024-10-20,2024-11-03,1428,47.0,67116.0,Net 60,Air ,3450.3,19.7,79.7,4,0,2024-10-31,-3,Complete,0
PO-2024-001067,SUP-002,PT Mitra Komponen Nusantara,china,Raw Material,Low,2024-04-22,2024-05-08,1925,,,Net 90,Air,3716.3,18.5,59.4,9,1,2024-05-05,-3,Complete,0
PO-2024-000788,SUP-017,PT Prima Rekayasa Komponen,Vietnam,Raw Material,High,2024-11-06,2024-12-01,433,20.34,8807.22,Net 60,Sea,2702.5,19.5,65.3,9,1,2024-11-30,-1,Complete,0
PO-2024-001745,SUP-018,PT Bumi Kemasan Lestari,Indonesia,Raw Material,Medium,2024-12-17,2024-12-21,1111,12.12,13465.32,Net 60,Courier,302.0,6.3,51.1,3,1,2024-12-25,4,Complete,1
PO-2024-000450,SUP-006,PT Sumber Teknik Mandiri,India,Packaging,Low,2024-09-29,2024-10-22,1164,17.33,20172.12,Net 60,Sea,5301.3,18.0,87.2,2,0,2024-10-21,-1,Complete,0
PO-2024-000551,SUP-003,PT Baja Presisi Indonesia,Thailand,Packaging,Medium,2024-10-22,2024-11-11,694,14.32,9938.08,Net 60,Sea,2239.6,14.9,78.5,6,0,2024-11-10,-1,Complete,0
PO-2024-002371,SUP-010,Deutsche Praezisionsteile GmbH,CHINA,Component,High,2024-08-29,2024-09-20,310,17.76,5505.6,COD,Sea,2477.6,17.0,64.2,11,0,2024-09-17,-3,Complete,0
PO-2024-001876,SUP-019,PT Teknindo Sukses Mandiri,South Korea,Packaging,Low,2024-08-06,2024-09-03,5771,5.24,30240.04,Net 30,Sea,5341.8,24.2,59.8,8,0,2024-09-01,-2,Complete,0
PO-2024-000219,SUP-023,Supplier Generic 23,india,MRO,High,2024-10-19,2024-11-09,612,16.85,10312.2,Net 30,Sea,4762.8,17.2,48.9,5,0,2024-11-14,5,Complete,1
PO-2024-001697,SUP-047,Supplier Generic 47,China,Component,High,2024-06-16,2024-06-25,307,10.33,3171.31,Net 30,Air,3769.1,11.1,49.4,10,0,2024-06-23,-2,Complete,0
PO-2024-000179,SUP-038,Supplier Generic 38,China,Packaging,Low,2024-02-13,2024-03-11,143,4.9,700.7,Net 30,Sea,3186.2,19.9,70.2,4,0,2024-03-09,-2,Complete,0
PO-2024-000434,SUP-043,Supplier Generic 43,Japan,Component,Medium,2024-01-14,2024-02-07,444,7.69,3414.36,Net 60,Sea,5585.6,18.0,63.2,7,0,2024-02-07,0,Complete,0
PO-2024-001607,SUP-017,PT Prima Rekayasa Komponen,Vietnam,Component,Medium,2024-06-14,2024-06-29,6317,6.22,39291.74,Net 90,Air,2005.6,19.5,65.3,1,0,2024-06-29,0,Complete,0
PO-2024-001321,SUP-030,Supplier Generic 30,JAPAN,Component,Low,2024-11-12,2024-12-08,736,21.09,15522.24,Net 60,Sea,5696.0,22.3,78.3,6,1,2024-12-08,0,Complete,0
PO-2024-001501,SUP-023,Supplier Generic 23,India,Packaging,Medium,2024-07-14,2024-07-28,7140,13.38,95533.2,Net 30,Air,4942.2,17.2,48.9,8,0,2024-08-10,13,Complete,1
PO-2024-002103,SUP-007,Global Parts Co.,USA,MRO,Medium,2024-07-08,2024-08-11,2433,,,Net 90,Sea,14684.6,30.2,59.5,7,0,2024-08-10,-1,Complete,0
PO-2024-000568,SUP-041,Supplier Generic 41, China ,Component,High,2024-10-29,2024-11-22,468,6.47,3027.96,Net 90,Sea,3307.6,18.1,43.3,3,0,2024-11-19,-3,Complete,0
PO-2024-001592,SUP-008,Shenzhen Precision Metals,South Korea,Component,Low,2024-03-11,2024-03-22,643,42.62,27404.66,Net 90,Air,5639.6,14.4,61.0,6,1,2024-03-24,2,Complete,1
PO-2024-001644,SUP-011,Tokyo Machining Corp,China,Component,High,2024-07-24,2024-08-15,925,5.73,5300.25,Net 60,Sea,3160.9,17.8,67.1,5,0,2024-08-15,0,Complete,0
PO-2024-001517,SUP-047,Supplier Generic 47,China,MRO,Medium,2024-12-23,2025-01-08,811,27.57,22359.27,Net 30,Sea,2835.4,11.1,49.4,7,1,2025-01-06,-2,Complete,0
PO-2024-000742,SUP-023,Supplier Generic 23,India,Raw Material,Medium,2024-09-14,2024-10-04,1309,59.42,77780.78,Net 90,Sea,4191.2,17.2,48.9,8,0,2024-10-12,8,Complete,1
PO-2024-001948,SUP-025,Supplier Generic 25,South Korea,Packaging,Low,2024-02-08,2024-03-05,714,8.87,6333.18,Net 60,Sea,5387.3,22.0,,6,0,2024-03-05,0,Partial,0
PO-2024-001549,SUP-006,PT Sumber Teknik Mandiri,India,Raw Material,Medium,2024-02-12,2024-03-01,363,15.38,5582.94,Net 30,Air,4111.8,18.0,87.2,9,0,2024-03-14,13,Complete,1
PO-2024-002458,SUP-018,PT Bumi Kemasan Lestari,Indonesia,Raw Material,Low,2024-11-28,2024-12-05,326,16.8,5476.8,Net 60,Courier,431.7,6.3,51.1,6,1,2024-12-10,5,Complete,1
PO-2024-000438,SUP-046,Supplier Generic 46,South Korea,Component,Low,2024-06-18,2024-07-14,1068,,,COD,Sea,4988.2,20.8,93.5,5,0,2024-07-14,0,Complete,0
PO-2024-001886,SUP-011,Tokyo Machining Corp, China ,Raw Material,Low,2024-03-28,2024-04-23,356,8.99,3200.44,Net 60,Sea,3208.3,17.8,67.1,6,1,2024-04-24,1,Complete,1
PO-2024-000781,SUP-028,Supplier Generic 28,Indonesia,Raw Material,Medium,2024-01-24,2024-01-28,3830,,,Net 30,Courier,448.0,4.4,83.4,3,0,2024-01-25,-3,Complete,0
PO-2024-000549,SUP-012,Seoul Alloy Industries,Malaysia,MRO,Low,2024-08-25,2024-08-31,249,17.14,4267.86,Net 30,Air,1819.0,6.8,96.6,3,0,2024-08-30,-1,Complete,0
PO-2024-001086,SUP-024,Supplier Generic 24,Thailand,Component,Low,2024-05-09,2024-05-23,1640,9.99,16383.6,Net 30,Air,2301.5,11.9,99.0,6,0,2024-05-22,-1,Complete,0
PO-2024-000783,SUP-024,Supplier Generic 24,Thailand,Raw Material,Medium,2024-05-02,2024-05-15,664,11.57,7682.48,Net 30,Sea ,2146.3,11.9,99.0,9,0,2024-05-14,-1,Complete,0
PO-2024-001008,SUP-037,Supplier Generic 37,Indonesia,Packaging,Medium,2024-01-10,2024-01-19,767,4.54,3482.18,COD,Courier,324.8,9.5,88.9,5,0,2024-01-19,0,Complete,0
PO-2024-001978,SUP-022,Supplier Generic 22,China,Component,Low,2024-04-21,2024-05-15,494,14.65,7237.1,Net 60,Sea,3688.6,17.1,99.0,4,1,2024-05-13,-2,Complete,0
PO-2024-001605,SUP-005,PT Anugerah Kemasan,Indonesia,Raw Material,Medium,2024-10-02,2024-10-04,1761,7.31,12872.91,Net 90,Courier,329.7,2.0,98.1,3,0,2024-10-04,0,Complete,0
PO-2024-002452,SUP-014,Chennai Steel Works,SOUTH KOREA,Raw Material,Low,2024-03-24,2024-04-22,694,32.13,22298.22,Net 60,Sea,4834.4,22.9,73.9,3,1,2024-04-19,-3,Complete,0
PO-2024-000687,SUP-015,KL Electronic Parts,China,Component,Low,2024-01-24,2024-02-17,1106,7.24,8007.44,Net 30,Sea,3210.7,19.7,79.7,4,0,2024-02-17,0,Complete,0
PO-2024-002033,SUP-021,Supplier Generic 21,USA,Packaging,High,2024-06-17,2024-07-20,527,8.65,4558.55,Net 30,Sea,15223.2,27.5,76.2,10,0,2024-07-24,4,Complete,1
PO-2024-000459,SUP-001,PT Sinar Logam Jaya,South Korea,Packaging,Medium,2024-08-03,2024-08-29,514,9.28,4769.92,Net 90,Sea,5739.3,18.3,85.9,4,0,2024-08-26,-3,Partial,0
PO-2024-000818,SUP-010,Deutsche Praezisionsteile GmbH,China,Raw Material,Low,2024-02-17,2024-03-03,340,25.7,8738.0,Net 60,Air,3434.7,17.0,64.2,3,0,2024-03-01,-2,Complete,0
PO-2024-001268,SUP-038,Supplier Generic 38,China,Raw Material,Medium,2024-07-11,2024-08-06,1518,8.47,12857.46,Net 30,Sea,2912.6,19.9,70.2,5,0,2024-08-08,2,Complete,1
PO-2024-000753,SUP-039,Supplier Generic 39,Indonesia,Component,Low,2024-10-19,2024-10-24,1183,8.91,10540.53,Net 30,Land,341.5,2.9,79.9,5,0,2024-10-22,-2,Complete,0
PO-2024-001590,SUP-005,PT Anugerah Kemasan,Indonesia,Raw Material,Medium,2024-07-13,2024-07-18,248,23.13,5736.24,Net 60,Courier,403.6,2.0,98.1,4,0,2024-07-17,-1,Complete,0
PO-2024-000700,SUP-040,Supplier Generic 40,Japan,Packaging,Low,2024-09-05,2024-09-23,254,11.77,2989.58,Net 90,Sea,5405.2,17.0,67.4,10,0,2024-09-22,-1,Complete,0
PO-2024-001041,SUP-018,PT Bumi Kemasan Lestari,indonesia,Packaging,Medium,2024-05-08,2024-05-15,941,11.66,10972.06,Net 30,Courier,335.5,6.3,51.1,4,0,2024-05-14,-1,Complete,0
PO-2024-000897,SUP-034,Supplier Generic 34,China,MRO,Low,2024-01-05,2024-01-27,904,11.14,10070.56,Net 60,sea,3154.4,17.8,81.6,6,0,2024-01-25,-2,Complete,0
PO-2024-002351,SUP-042,Supplier Generic 42,South Korea,Packaging,Low,2024-05-16,2024-06-07,807,15.76,12718.32,Net 90,Sea,4896.9,15.4,64.2,4,0,2024-06-07,0,Complete,0
PO-2024-001803,SUP-008,Shenzhen Precision Metals,South Korea,Raw Material,Low,2024-09-18,2024-10-01,221,22.67,5010.07,COD,Air,5046.4,14.4,61.0,1,0,2024-09-29,-2,Complete,0
PO-2024-001445,SUP-041,Supplier Generic 41,China,MRO,Low,2024-04-27,2024-05-18,689,7.39,5091.71,COD,sea,3216.4,18.1,43.3,13,1,2024-05-24,6,Complete,1
PO-2024-000856,SUP-019,PT Teknindo Sukses Mandiri,South Korea,Raw Material,Low,2024-02-11,2024-03-13,620,10.44,6472.8,Net 90,Sea,5811.3,24.2,59.8,9,0,2024-03-11,-2,Complete,0
PO-2024-002080,SUP-046,Supplier Generic 46,South Korea,Component,Medium,2024-07-24,2024-08-19,879,8.2,7207.8,Net 30,Sea,5137.8,20.8,93.5,6,0,2024-08-20,1,Complete,1
PO-2024-000039,SUP-028,Supplier Generic 28,Indonesia,Raw Material,Low,2024-12-02,2024-12-10,755,1.05,792.75,Net 30,Land,305.3,4.4,83.4,6,1,2024-12-10,0,Complete,0
PO-2024-001318,SUP-034,Supplier Generic 34,China,MRO,Low,2024-06-13,2024-06-30,1379,34.26,47244.54,Net 30,Air,3588.1,17.8,81.6,6,0,2024-06-30,0,Pending,0
PO-2024-000032,SUP-016,PT Cahaya Logistik Industri,Indonesia,Packaging,Low,2024-07-02,2024-07-13,1382,6.19,8554.58,Net 60,Land,312.4,10.2,67.7,5,0,2024-07-12,-1,Complete,0
PO-2024-000024,SUP-045,Supplier Generic 45,South Korea,MRO,Low,2024-05-27,2024-06-23,855,3.96,3385.8,Net 30,Sea,5783.8,22.5,72.4,7,0,2024-07-07,14,Complete,1
PO-2024-000711,SUP-034,Supplier Generic 34,China,MRO,Medium,2024-01-14,2024-02-01,5614,2.65,14877.1,Net 90,Air,2692.8,17.8,81.6,5,0,2024-02-14,13,Complete,1
PO-2024-000070,SUP-030,Supplier Generic 30,Japan,Raw Material,High,2024-08-26,2024-09-21,1990,,,Net 30,Sea,6224.5,22.3,78.3,5,0,2024-09-21,0,Partial,0
PO-2024-002211,SUP-031,Supplier Generic 31,USA,Packaging,Low,2024-11-13,2024-12-19,324,19.52,6324.48,Net 30,Sea ,16488.8,30.5,89.8,6,1,2024-12-27,8,Complete,1
PO-2024-001120,SUP-007,Global Parts Co.,USA,Component,High,2024-07-23,2024-08-25,567,3.05,1729.35,Net 30,Sea,18782.4,30.2,59.5,10,0,2024-08-22,-3,Complete,0
PO-2024-001128,SUP-043,Supplier Generic 43,Japan,Raw Material,Medium,2024-03-30,2024-04-22,86,8.33,716.38,Net 30,Sea,5537.4,18.0,63.2,7,1,2024-05-01,9,Complete,1
PO-2024-001580,SUP-041,Supplier Generic 41,China,Raw Material,Medium,2024-05-12,2024-05-28,172,18.01,3097.72,Net 90,Air,2823.8,18.1,43.3,7,0,2024-06-01,4,Complete,1
PO-2024-001830,SUP-020,PT Wijaya Sparepart Utama,Germany,Component,Low,2024-06-25,2024-07-21,631,8.45,5331.95,Net 30,Sea,11716.5,23.3,57.9,6,0,2024-07-20,-1,Complete,0
PO-2024-001191,SUP-015,KL Electronic Parts,China,Raw Material,Low,2024-11-06,2024-11-28,2464,4.55,11211.2,Net 60,Sea,3601.2,19.7,79.7,8,1,2024-12-02,4,Complete,1
PO-2024-002161,SUP-034,Supplier Generic 34,China,Raw Material,Low,2024-01-16,2024-01-30,494,24.49,12098.06,Net 60,Air,2791.0,17.8,81.6,8,0,2024-01-30,0,Complete,0
PO-2024-001271,SUP-042,Supplier Generic 42,South Korea,Raw Material,Medium,2024-06-19,2024-07-07,785,,,Net 30,Sea,5031.7,15.4,64.2,3,0,2024-07-04,-3,Complete,0
PO-2024-001174,SUP-023,Supplier Generic 23,India,Raw Material,Medium,2024-02-13,2024-02-28,1091,13.59,14826.69,Net 60,Air,5042.5,17.2,48.9,6,0,2024-02-27,-1,Complete,0
PO-2024-001099,SUP-045,Supplier Generic 45,South Korea,Raw Material,High,2024-05-19,2024-06-15,3294,14.6,48092.4,Net 60,Sea,4684.7,22.5,72.4,4,0,2024-06-15,0,Complete,0
PO-2024-001243,SUP-034,Supplier Generic 34,China,MRO,Low,2024-02-04,2024-02-17,386,13.01,5021.86,Net 30,Air,3290.4,17.8,81.6,3,0,2024-02-17,0,Complete,0
PO-2024-000266,SUP-036,Supplier Generic 36,Indonesia,Raw Material,High,2024-06-09,2024-06-12,619,3.98,2463.62,Net 30,Land,363.5,3.4,40.0,8,0,2024-06-12,0,Complete,0
PO-2024-001907,SUP-006,PT Sumber Teknik Mandiri,India,Packaging,Low,2024-09-02,2024-09-14,2597,,,Net 30,Air,5128.0,18.0,87.2,4,0,2024-09-22,8,Complete,1
PO-2024-001017,SUP-035,Supplier Generic 35,China,Packaging,High,2024-05-18,2024-06-06,126,6.16,776.16,Net 30,Sea,3347.1,14.5,80.7,9,0,2024-06-04,-2,Complete,0
PO-2024-001065,SUP-003,PT Baja Presisi Indonesia,Thailand,Raw Material,Low,2024-05-21,2024-05-30,850,9.98,8483.0,Net 60,Air,2259.0,14.9,78.5,4,0,2024-05-28,-2,Complete,0
PO-2024-000277,SUP-010,Deutsche Praezisionsteile GmbH,China,Packaging,High,2024-08-27,2024-09-17,1460,32.19,46997.4,Net 30,Sea,3004.6,17.0,64.2,10,0,2024-09-14,-3,Complete,0
PO-2024-000810,SUP-003,PT Baja Presisi Indonesia,Thailand,Packaging,Low,2024-01-08,2024-01-28,1994,4.47,8913.18,Net 60,Sea,2678.2,14.9,78.5,5,0,2024-01-26,-2,Complete,0
PO-2024-000340,SUP-050,Supplier Generic 50,Indonesia,Component,Low,2024-05-04,2024-05-10,801,2.4,1922.4,Net 30,Courier,349.5,6.2,78.9,6,0,2024-05-08,-2,Complete,0
PO-2024-002185,SUP-026,Supplier Generic 26,Indonesia,Raw Material,Low,2024-09-01,2024-09-03,799,12.53,10011.47,Net 30,Courier,327.4,2.0,83.4,6,0,2024-09-01,-2,Complete,0
PO-2024-002416,SUP-024,Supplier Generic 24,Thailand,Raw Material,Medium,2024-02-16,2024-03-05,558,7.77,4335.66,Net 30,Sea,1862.1,11.9,99.0,2,0,2024-03-05,0,Complete,0
PO-2024-000186,SUP-003,PT Baja Presisi Indonesia,Thailand,Raw Material,High,2024-11-13,2024-11-26,441,5.02,2213.82,Net 30,Air,2126.8,14.9,78.5,10,1,2024-11-25,-1,Complete,0
PO-2024-000931,SUP-018,PT Bumi Kemasan Lestari,Indonesia,Packaging,Low,2024-02-23,2024-02-29,208,,,Net 60,Land,392.0,6.3,51.1,5,0,2024-02-29,0,Complete,0
PO-2024-000979,SUP-009,Hanoi Component Supply,Indonesia,Component,Medium,2024-05-27,2024-06-02,2708,11.48,31087.84,Net 30,Land,303.7,7.6,90.8,4,0,2024-05-30,-3,Complete,0
PO-2024-001991,SUP-036,Supplier Generic 36,Indonesia,MRO,Low,2024-03-30,2024-04-02,1226,19.8,24274.8,Net 30,Courier,307.2,3.4,40.0,6,1,2024-04-12,10,Complete,1
PO-2024-001121,SUP-048,Supplier Generic 48,Indonesia,Component,High,2024-05-25,2024-05-29,276,10.33,2851.08,Net 90,Land,390.3,5.9,96.4,3,0,2024-05-28,-1,Complete,0
PO-2024-001748,SUP-030,Supplier Generic 30,Japan,Component,Medium,2024-06-23,2024-07-10,730,35.65,26024.5,Net 30,Air ,5673.2,22.3,78.3,4,0,2024-07-10,0,Complete,0
PO-2024-000062,SUP-006,PT Sumber Teknik Mandiri,India,Packaging,Low,2024-01-20,2024-02-04,2694,26.14,70421.16,Net 90,Air,5247.6,18.0,87.2,4,0,2024-02-03,-1,Complete,0
PO-2024-001776,SUP-014,Chennai Steel Works,South Korea,Component,Medium,2024-12-27,2025-01-16,93,4.54,422.22,Net 90,Air,4343.3,22.9,73.9,6,1,2025-01-14,-2,Complete,0
PO-2024-001603,SUP-043,Supplier Generic 43,japan,Component,Low,2024-12-03,2024-12-23,999,18.99,18971.01,Net 90,Sea,4967.3,18.0,63.2,8,1,2024-12-22,-1,Complete,0
PO-2024-002448,SUP-016,PT Cahaya Logistik Industri,Indonesia,Component,Medium,2024-02-06,2024-02-18,560,9.03,5056.8,Net 30,Land,379.6,10.2,67.7,8,0,2024-02-18,0,Complete,0
PO-2024-000142,SUP-003,PT Baja Presisi Indonesia,Thailand,MRO,Low,2024-06-01,2024-06-22,605,18.23,11029.15,Net 90,Sea,2433.5,14.9,78.5,6,0,2024-06-22,0,Complete,0
PO-2024-002391,SUP-044,Supplier Generic 44,China,Raw Material,Medium,2024-04-29,2024-05-26,166,20.0,3320.0,Net 60,Sea,2945.1,18.9,76.0,6,1,2024-05-24,-2,Complete,0
PO-2024-002324,SUP-010,Deutsche Praezisionsteile GmbH,China,Raw Material,Medium,2024-01-24,2024-02-15,705,24.64,17371.2,COD,Sea,3034.6,17.0,64.2,4,0,2024-02-27,12,Partial,1
PO-2024-001568,SUP-040,Supplier Generic 40,Japan,MRO,Low,2024-09-28,2024-10-21,114,17.03,1941.42,Net 60,Sea,6393.4,17.0,67.4,3,0,2024-10-27,6,Complete,1
PO-2024-000647,SUP-018,PT Bumi Kemasan Lestari,Indonesia,Component,Medium,2024-12-02,2024-12-07,516,2.77,1429.32,Net 90,Courier,323.5,6.3,51.1,11,1,2024-12-15,8,Complete,1
PO-2024-001527,SUP-023,Supplier Generic 23,India,Packaging,Medium,2024-01-08,2024-01-29,118,13.2,1557.6,Net 30,Sea,5040.2,17.2,48.9,7,0,2024-02-04,6,Complete,1
PO-2024-000034,SUP-008,Shenzhen Precision Metals,SOUTH KOREA,Raw Material,High,2024-11-17,2024-11-29,588,8.38,4927.44,Net 60,Air,6245.7,14.4,61.0,3,1,2024-12-09,10,Complete,1
PO-2024-000801,SUP-025,Supplier Generic 25,South Korea,Component,Low,2024-04-23,2024-05-17,540,15.01,8105.4,COD,Sea,5822.6,22.0,76.1,7,1,2024-05-17,0,Complete,0
PO-2024-002295,SUP-019,PT Teknindo Sukses Mandiri,South Korea,MRO,Low,2024-07-21,2024-08-15,955,4.33,4135.15,Net 60,Sea,5046.0,24.2,59.8,8,0,2024-08-15,0,Complete,0
PO-2024-000058,SUP-036,Supplier Generic 36,Indonesia,Component,High,2024-05-03,2024-05-05,335,41.67,13959.45,Net 60,Land,357.4,3.4,40.0,11,0,2024-05-13,8,Complete,1
PO-2024-000939,SUP-008,Shenzhen Precision Metals,South Korea,Raw Material,Low,2024-05-04,2024-05-23,469,7.7,3611.3,Net 30,Sea,6142.9,14.4,61.0,6,0,2024-05-21,-2,Pending,0
PO-2024-002044,SUP-022,Supplier Generic 22,China,Component,Low,2024-04-25,2024-05-09,3584,,,Net 30,Air,2826.4,17.1,99.0,2,1,2024-05-08,-1,Complete,0
PO-2024-000359,SUP-024,Supplier Generic 24,Thailand,MRO,Low,2024-10-25,2024-11-14,1673,7.96,13317.08,Net 30,Sea ,2025.1,11.9,99.0,5,0,2024-11-13,-1,Complete,0
PO-2024-002275,SUP-023,Supplier Generic 23,India,MRO,Low,2024-01-14,2024-02-06,798,5.46,4357.08,Net 60,Sea,5767.4,17.2,48.9,7,0,2024-02-08,2,Complete,1
PO-2024-002288,SUP-049,Supplier Generic 49,Japan,MRO,Low,2024-09-25,2024-10-19,493,12.99,6404.07,Net 30,Sea ,6218.3,20.2,40.0,15,0,2024-10-21,2,Complete,1
PO-2024-001569,SUP-035,Supplier Generic 35,China,Raw Material,Medium,2024-02-23,2024-03-06,193,8.79,1696.47,Net 30,Air,3404.7,14.5,80.7,1,0,2024-03-06,0,Complete,0
PO-2024-001923,SUP-008,Shenzhen Precision Metals,South Korea,Packaging,Medium,2024-09-03,2024-09-19,266,1.73,460.18,Net 60,Sea,5070.7,14.4,61.0,2,0,2024-09-22,3,Complete,1
PO-2024-000069,SUP-024,Supplier Generic 24,Thailand,Component,Low,2024-06-17,2024-06-30,237,12.27,2907.99,Net 30,Air,2174.4,11.9,99.0,5,0,2024-06-28,-2,Complete,0
PO-2024-001343,SUP-020,PT Wijaya Sparepart Utama,Germany,Component,High,2024-06-09,2024-07-09,860,8.84,7602.4,Net 30,Sea,10964.5,23.3,57.9,6,0,2024-07-07,-2,Complete,0
PO-2024-000047,SUP-048,Supplier Generic 48,Indonesia,Component,Low,2024-06-29,2024-07-05,2583,6.71,17331.93,Net 60,Courier,327.9,5.9,96.4,4,0,2024-07-02,-3,Complete,0
PO-2024-000924,SUP-014,Chennai Steel Works,South Korea,Raw Material,Medium,2024-03-22,2024-04-24,369,12.18,4494.42,Net 30,Sea,5584.5,22.9,73.9,3,1,2024-04-22,-2,Complete,0
PO-2024-000278,SUP-022,Supplier Generic 22,China,Packaging,Low,2024-10-26,2024-11-19,1191,13.0,15483.0,Net 30,Sea,3189.6,17.1,99.0,7,0,2024-11-19,0,Complete,0
PO-2024-002407,SUP-024,Supplier Generic 24,Thailand,MRO,Low,2024-09-16,2024-10-02,1781,67.68,120538.08,Net 30,Sea,2434.4,11.9,99.0,4,0,2024-10-01,-1,Complete,0
PO-2024-000225,SUP-035,Supplier Generic 35,China,Raw Material,Low,2024-10-12,2024-11-04,277,5.5,1523.5,Net 30,Sea,2645.1,14.5,80.7,4,0,2024-11-04,0,Complete,0
PO-2024-000865,SUP-015,KL Electronic Parts,China,Component,Low,2024-06-08,2024-06-24,204,13.59,2772.36,Net 60,Air,3262.7,19.7,79.7,7,0,2024-07-04,10,Complete,1
PO-2024-000382,SUP-038,Supplier Generic 38,China,Raw Material,Low,2024-03-15,2024-04-11,2585,5.32,13752.2,Net 30,Sea,3087.2,19.9,70.2,6,1,2024-04-09,-2,Complete,0
PO-2024-002135,SUP-010,Deutsche Praezisionsteile GmbH,China,Raw Material,Medium,2024-10-16,2024-11-08,1292,16.97,21925.24,Net 30,Sea,3563.2,17.0,64.2,6,0,2024-11-08,0,Complete,0
PO-2024-001817,SUP-047,Supplier Generic 47,China,Component,Medium,2024-03-04,2024-03-20,148,3.12,461.76,Net 60,Sea,2997.1,11.1,49.4,13,1,2024-04-03,14,Complete,1
PO-2024-000365,SUP-047,Supplier Generic 47,China,MRO,Medium,2024-04-24,2024-05-03,494,8.66,4278.04,Net 90,Air,3274.2,11.1,49.4,5,1,2024-04-30,-3,Complete,0
PO-2024-001452,SUP-043,Supplier Generic 43,Japan,Raw Material,Low,2024-04-28,2024-05-11,1071,8.09,8664.39,Net 30,Air,5390.2,18.0,63.2,2,1,2024-05-10,-1,Pending,0
PO-2024-001865,SUP-020,PT Wijaya Sparepart Utama,Germany,Component,Medium,2024-01-26,2024-02-24,368,46.97,17284.96,Net 60,Sea,9853.6,23.3,57.9,8,0,2024-03-09,14,Complete,1
PO-2024-001391,SUP-039,Supplier Generic 39,Indonesia,Raw Material,Low,2024-01-02,2024-01-04,1426,40.07,57139.82,Net 90,Courier,410.3,2.9,79.9,5,0,2024-01-04,0,Complete,0
PO-2024-000934,SUP-042,Supplier Generic 42,South Korea,Raw Material,Medium,2024-05-06,2024-05-26,1874,22.23,41659.02,Net 30,Sea,4017.1,15.4,64.2,11,0,2024-05-26,0,Complete,0
PO-2024-001025,SUP-022,Supplier Generic 22,china,Raw Material,Low,2024-07-26,2024-08-14,554,9.01,4991.54,Net 30,Sea,2852.8,17.1,99.0,3,0,2024-08-11,-3,Complete,0
PO-2024-000774,SUP-026,Supplier Generic 26,Indonesia,Packaging,High,2024-04-18,2024-04-20,1144,8.25,9438.0,Net 30,Land,378.9,2.0,83.4,4,1,2024-04-30,10,Complete,1
PO-2024-002020,SUP-007,Global Parts Co.,USA,Component,Low,2024-07-09,2024-08-13,150,13.03,1954.5,Net 30,Sea,12486.8,30.2,59.5,13,0,2024-08-12,-1,Complete,0
PO-2024-001860,SUP-017,PT Prima Rekayasa Komponen,Vietnam,Raw Material,Medium,2024-07-29,2024-08-22,3897,6.48,25252.56,Net 30,Sea,2125.5,19.5,65.3,7,0,2024-08-20,-2,Complete,0
PO-2024-001204,SUP-027,Supplier Generic 27,China,Raw Material,High,2024-02-12,2024-02-29,5684,7.37,41891.08,Net 60,Air,2820.7,20.3,50.7,4,0,2024-03-01,1,Complete,1
PO-2024-001056,SUP-019,PT Teknindo Sukses Mandiri,South Korea,Packaging,High,2024-12-02,2024-12-30,4506,15.9,71645.4,Net 60,Sea,4292.2,24.2,59.8,5,1,2024-12-30,0,Complete,0
PO-2024-000868,SUP-021,Supplier Generic 21,USA,MRO,High,2024-07-09,2024-08-02,1311,11.22,14709.42,Net 60,Air,16860.3,27.5,76.2,4,0,2024-07-31,-2,Complete,0
PO-2024-000029,SUP-040,Supplier Generic 40,Japan,Component,Medium,2024-07-10,2024-07-26,808,20.16,16289.28,Net 30,Air,5876.5,17.0,67.4,7,0,2024-08-08,13,Complete,1
PO-2024-000114,SUP-002,PT Mitra Komponen Nusantara,China,Component,Medium,2024-04-25,2024-05-12,700,38.23,26761.0,Net 30,Air,3282.1,18.5,59.4,4,1,2024-05-25,13,Complete,1
PO-2024-000246,SUP-021,Supplier Generic 21,USA,Raw Material,Medium,2024-12-02,2025-01-03,173,4.15,717.95,Net 60,Sea,17242.5,27.5,76.2,2,1,2025-01-02,-1,Complete,0
PO-2024-001440,SUP-025,Supplier Generic 25,South Korea,Component,Medium,2024-03-21,2024-04-15,856,,,Net 30,Sea,5424.7,22.0,76.1,4,1,2024-04-15,0,Complete,0
PO-2024-001186,SUP-027,Supplier Generic 27,China,Raw Material,Medium,2024-09-26,2024-10-19,2522,53.19,134145.18,Net 30,Sea,2905.2,20.3,50.7,7,0,2024-10-18,-1,Complete,0
PO-2024-000981,SUP-024,Supplier Generic 24,Thailand,Packaging,Medium,2024-12-06,2024-12-19,264,16.28,4297.92,Net 30,Sea,1776.6,11.9,99.0,2,1,2024-12-16,-3,Complete,0
PO-2024-000412,SUP-032,Supplier Generic 32,India,Packaging,High,2024-09-11,2024-10-08,1950,8.52,16614.0,Net 30,Sea,4976.2,19.2,90.1,5,0,2024-10-06,-2,Complete,0
PO-2024-002217,SUP-009,Hanoi Component Supply,Indonesia,Component,Low,2024-11-11,2024-11-20,217,,,Net 30,Land,311.6,7.6,90.8,4,1,2024-11-18,-2,Complete,0
PO-2024-001063,SUP-016,PT Cahaya Logistik Industri,Indonesia,MRO,Low,2024-10-09,2024-10-16,102,,,Net 30,Courier,336.1,10.2,67.7,4,0,2024-10-15,-1,Complete,0
PO-2024-000117,SUP-023,Supplier Generic 23,India,Raw Material,Medium,2024-10-15,2024-11-06,527,10.56,5565.12,Net 30,Sea,5298.5,17.2,48.9,5,0,2024-11-08,2,Partial,1
PO-2024-002244,SUP-024,Supplier Generic 24,Thailand,Component,Medium,2024-12-27,2025-01-13,494,4.55,2247.7,Net 30,Sea,1908.2,11.9,99.0,2,1,2025-01-10,-3,Partial,0
PO-2024-001890,SUP-038,Supplier Generic 38,China,Raw Material,Low,2024-09-09,2024-10-03,123,32.49,3996.27,Net 60,Sea,3625.3,19.9,,5,0,2024-10-03,0,Complete,0
PO-2024-000248,SUP-011,Tokyo Machining Corp,China,Packaging,Low,2024-12-29,2025-01-21,175,23.02,4028.5,Net 30,Sea,3292.8,17.8,67.1,6,1,2025-01-29,8,Complete,1
PO-2024-001514,SUP-050,Supplier Generic 50,Indonesia,Raw Material,Low,2024-01-02,2024-01-09,549,3.67,2014.83,COD,Courier,313.9,6.2,78.9,6,0,2024-01-09,0,Complete,0
PO-2024-000666,SUP-015,KL Electronic Parts,China,MRO,Medium,2024-07-28,2024-08-22,1258,6.98,8780.84,Net 60,Sea,3802.3,19.7,79.7,6,0,2024-08-19,-3,Complete,0
PO-2024-002165,SUP-003,PT Baja Presisi Indonesia,Thailand,Raw Material,Medium,2024-11-22,2024-12-06,637,,,Net 60,air,2003.5,14.9,78.5,6,1,2024-12-19,13,Partial,1
PO-2024-000093,SUP-020,PT Wijaya Sparepart Utama,germany,Raw Material,Medium,2024-02-16,2024-03-10,172,24.48,4210.56,Net 60,Air,11713.7,23.3,,4,0,2024-03-07,-3,Complete,0
PO-2024-001406,SUP-048,Supplier Generic 48,Indonesia,Packaging,Medium,2024-01-20,2024-01-28,351,6.44,2260.44,Net 30,Land,331.0,5.9,96.4,2,0,2024-01-26,-2,Complete,0
PO-2024-001942,SUP-014,Chennai Steel Works,South Korea,Raw Material,Low,2024-03-18,2024-04-08,189,19.71,3725.19,Net 30,Sea,5048.6,22.9,73.9,2,1,2024-04-05,-3,Complete,0
PO-2024-001377,SUP-041,Supplier Generic 41,China,Component,High,2024-09-06,2024-09-22,480,10.34,4963.2,Net 60,Air,3074.3,18.1,43.3,10,0,2024-09-22,0,Complete,0
PO-2024-000255,SUP-015,KL Electronic Parts,China,Packaging,Medium,2024-10-01,2024-10-18,1553,18.98,29475.94,COD,Air,2960.4,19.7,79.7,6,0,2024-10-16,-2,Complete,0
PO-2024-000430,SUP-025,Supplier Generic 25,South Korea,Packaging,Low,2024-08-04,2024-08-29,185,34.66,6412.1,Net 90,Sea,5475.9,22.0,76.1,6,0,2024-08-26,-3,Complete,0
PO-2024-000589,SUP-031,Supplier Generic 31,USA,MRO,Medium,2024-12-20,2025-01-22,779,17.78,13850.62,Net 30,Sea ,15292.1,30.5,89.8,6,1,2025-02-02,11,Complete,1
PO-2024-002499,SUP-029,Supplier Generic 29,Indonesia,MRO,Medium,2024-07-05,2024-07-14,5360,,,Net 60,Land,329.9,8.5,40.0,7,0,2024-07-12,-2,Complete,0
PO-2024-000119,SUP-043,Supplier Generic 43,Japan,MRO,Medium,2024-05-27,2024-06-18,460,3.21,1476.6,Net 60,Sea,6322.0,18.0,63.2,6,0,2024-06-17,-1,Complete,0
PO-2024-001982,SUP-021,Supplier Generic 21,USA,Component,Low,2024-01-10,2024-02-12,340,7.27,2471.8,Net 60,Sea,17509.1,27.5,76.2,8,0,2024-02-10,-2,Complete,0
PO-2024-001414,SUP-017,PT Prima Rekayasa Komponen,Vietnam,Raw Material,Medium,2024-10-04,2024-11-02,428,15.34,6565.52,Net 30,Sea,2874.9,19.5,65.3,4,0,2024-11-01,-1,Complete,0
PO-2024-000133,SUP-041,Supplier Generic 41,China,MRO,Medium,2024-06-18,2024-07-10,337,27.37,9223.69,Net 60,Sea,3121.4,18.1,43.3,8,0,2024-07-15,5,Complete,1
PO-2024-000264,SUP-029,Supplier Generic 29,Indonesia,Packaging,Low,2024-12-13,2024-12-23,1386,30.49,42259.14,Net 30,Courier,320.6,8.5,40.0,4,1,2024-12-22,-1,Complete,0
PO-2024-002428,SUP-029,Supplier Generic 29,Indonesia,MRO,Low,2024-01-13,2024-01-23,3548,3.71,13163.08,Net 30,Land,372.3,8.5,40.0,7,0,2024-01-22,-1,Complete,0
PO-2024-001314,SUP-018,PT Bumi Kemasan Lestari,Indonesia,Packaging,Low,2024-03-09,2024-03-16,2501,39.57,98964.57,Net 30,Land,292.5,6.3,51.1,7,1,2024-03-16,0,Partial,0
PO-2024-001995,SUP-004,PT Karya Plastik Sejahtera,JAPAN,Raw Material,Low,2024-02-23,2024-03-20,1038,106.15,110183.7,Net 30,Sea,6338.6,18.9,59.3,5,0,2024-03-19,-1,Complete,0
PO-2024-001217,SUP-042,Supplier Generic 42,South Korea,Component,Low,2024-02-20,2024-03-14,1747,14.9,26030.3,COD,Sea,5785.1,15.4,64.2,9,0,2024-03-11,-3,Complete,0
PO-2024-000174,SUP-014,Chennai Steel Works,south korea,Component,High,2024-10-28,2024-11-13,1412,4.55,6424.6,Net 30,Air,4653.7,22.9,73.9,7,0,2024-11-11,-2,Complete,0
PO-2024-000581,SUP-014,Chennai Steel Works,South Korea,MRO,Medium,2024-05-02,2024-05-29,291,23.19,6748.29,Net 90,Sea,6365.6,22.9,,4,0,2024-05-28,-1,Complete,0
PO-2024-001461,SUP-006,PT Sumber Teknik Mandiri,India,Raw Material,High,2024-09-05,2024-09-28,41,12.21,500.61,Net 90,Sea,5113.4,18.0,87.2,6,0,2024-09-25,-3,Complete,0
PO-2024-000652,SUP-023,Supplier Generic 23,India,Raw Material,Medium,2024-01-05,2024-01-19,371,8.36,3101.56,Net 90,Air,4741.5,17.2,48.9,7,0,2024-01-31,12,Complete,1
PO-2024-001676,SUP-010,Deutsche Praezisionsteile GmbH,China,Raw Material,Medium,2024-08-09,2024-08-28,2927,,,Net 30,Sea,2943.5,17.0,64.2,5,0,2024-08-26,-2,Complete,0
PO-2024-002028,SUP-048,Supplier Generic 48,Indonesia,Component,High,2024-04-21,2024-04-27,1924,13.65,26262.6,COD,Land,352.3,5.9,96.4,4,1,2024-04-26,-1,Complete,0
PO-2024-001171,SUP-033,Supplier Generic 33,China,Packaging,Medium,2024-09-11,2024-10-01,85,22.93,1949.05,Net 60,Sea,2794.6,13.3,81.7,2,0,2024-10-01,0,Partial,0
PO-2024-001143,SUP-027,Supplier Generic 27,China,Packaging,Low,2024-10-01,2024-10-19,529,3.47,1835.63,Net 60,Air,3127.5,20.3,50.7,10,0,2024-10-21,2,Complete,1
PO-2024-002109,SUP-031,Supplier Generic 31,USA,MRO,Medium,2024-07-02,2024-08-05,1200,30.04,36048.0,Net 60,Sea,14906.4,30.5,89.8,6,0,2024-08-05,0,Complete,0
PO-2024-000197,SUP-019,PT Teknindo Sukses Mandiri,South Korea,Component,Low,2024-10-29,2024-11-17,1375,11.32,15565.0,Net 30,Air,4975.4,24.2,59.8,5,0,2024-11-23,6,Complete,1
PO-2024-000534,SUP-049,Supplier Generic 49,Japan,Raw Material,Low,2024-05-23,2024-06-17,276,,,Net 60,Sea,5004.2,20.2,40.0,6,0,2024-06-16,-1,Complete,0
PO-2024-001827,SUP-048,Supplier Generic 48,Indonesia,Raw Material,Low,2024-09-02,2024-09-08,155,25.46,3946.3,Net 90,Courier,382.4,5.9,96.4,4,0,2024-09-07,-1,Complete,0
PO-2024-002456,SUP-047,Supplier Generic 47,China,Component,Low,2024-02-26,2024-03-14,3758,6.08,22848.64,Net 30,Sea,3244.7,11.1,49.4,8,0,2024-03-26,12,Complete,1
PO-2024-001369,SUP-007,Global Parts Co.,USA,Raw Material,Medium,2024-12-06,2025-01-10,480,9.96,4780.8,Net 60,Sea,13633.5,30.2,59.5,11,1,2025-01-10,0,Complete,0
PO-2024-001051,SUP-026,Supplier Generic 26,indonesia,Raw Material,High,2024-04-17,2024-04-19,597,5.42,3235.74,Net 60,Courier,264.6,2.0,83.4,7,1,2024-04-21,2,Complete,1
PO-2024-000015,SUP-037,Supplier Generic 37,Indonesia,Raw Material,Low,2024-07-01,2024-07-10,86,12.51,1075.86,Net 90,land,310.9,9.5,88.9,4,0,2024-07-10,0,Complete,0
PO-2024-000968,SUP-040,Supplier Generic 40,Japan,Raw Material,Low,2024-11-14,2024-12-04,2888,13.02,37601.76,Net 90,Sea,5440.1,17.0,67.4,10,1,2024-12-02,-2,Complete,0
PO-2024-000241,SUP-021,Supplier Generic 21,USA,Component,Medium,2024-02-06,2024-03-10,359,17.14,6153.26,COD,Sea,15669.2,27.5,76.2,7,0,2024-03-09,-1,Complete,0
PO-2024-002482,SUP-041,Supplier Generic 41,China,Raw Material,Medium,2024-11-22,2024-12-19,2003,5.65,11316.95,Net 60,sea,2644.9,18.1,43.3,7,1,2024-12-19,0,Complete,0
PO-2024-001255,SUP-042,Supplier Generic 42,South Korea,Raw Material,Medium,2024-09-26,2024-10-13,3228,14.65,47290.2,Net 60,Sea,5609.1,15.4,64.2,4,0,2024-10-10,-3,Complete,0
PO-2024-000876,SUP-018,PT Bumi Kemasan Lestari,Indonesia,Component,High,2024-01-22,2024-02-02,1507,19.06,28723.42,Net 30,Land,358.1,6.3,51.1,10,0,2024-01-31,-2,Complete,0
PO-2024-000274,SUP-040,Supplier Generic 40,Japan,MRO,Low,2024-05-07,2024-05-30,526,9.44,4965.44,Net 60,Sea,4896.1,17.0,67.4,9,0,2024-05-28,-2,Complete,0
PO-2024-001937,SUP-050,Supplier Generic 50,Indonesia,Raw Material,Low,2024-10-02,2024-10-10,149,28.07,4182.43,COD,Courier,341.4,6.2,78.9,4,0,2024-10-10,0,Complete,0
PO-2024-000169,SUP-041,Supplier Generic 41,China,Component,Medium,2024-10-02,2024-10-24,258,,,Net 30,sea,3336.6,18.1,43.3,3,0,2024-10-22,-2,Complete,0
PO-2024-001640,SUP-019,PT Teknindo Sukses Mandiri,South Korea,Packaging,High,2024-01-29,2024-02-27,3554,13.08,46486.32,Net 30,Sea,5504.8,24.2,59.8,9,0,2024-03-09,11,Complete,1
PO-2024-001134,SUP-009,Hanoi Component Supply,Indonesia,Raw Material,Low,2024-03-30,2024-04-08,319,35.71,11391.49,Net 90,Land,366.5,7.6,90.8,3,1,2024-04-05,-3,Complete,0
PO-2024-002299,SUP-025,Supplier Generic 25,South Korea,Packaging,Low,2024-11-27,2024-12-24,687,46.86,32192.82,Net 60,Sea,5005.0,22.0,76.1,5,1,2024-12-31,7,Complete,1
PO-2024-000372,SUP-050,Supplier Generic 50,Indonesia,MRO,Medium,2024-08-14,2024-08-20,656,7.73,5070.88,Net 60,Courier,331.6,6.2,78.9,3,0,2024-08-27,7,Complete,1
PO-2024-001474,SUP-030,Supplier Generic 30,Japan,Component,High,2024-10-14,2024-11-10,417,30.31,12639.27,Net 30,Sea,6146.7,22.3,78.3,7,0,2024-11-13,3,Complete,1
PO-2024-001254,SUP-008,Shenzhen Precision Metals,South Korea,Packaging,Low,2024-09-19,2024-10-09,450,36.61,16474.5,Net 30,Sea,5474.2,14.4,61.0,7,0,2024-10-08,-1,Complete,0
PO-2024-001548,SUP-026,Supplier Generic 26,Indonesia,Component,Medium,2024-03-11,2024-03-13,784,37.4,29321.6,Net 90,Land,356.9,2.0,83.4,4,1,2024-03-10,-3,Complete,0
PO-2024-000215,SUP-027,Supplier Generic 27,China,Component,Low,2024-08-18,2024-09-10,716,5.72,4095.52,Net 30,Sea,3035.7,20.3,50.7,7,0,2024-09-24,14,Complete,1
PO-2024-000345,SUP-039,Supplier Generic 39,Indonesia,Packaging,Low,2024-09-25,2024-10-01,1200,20.16,24192.0,Net 30,Courier,393.6,2.9,79.9,11,0,2024-09-28,-3,Complete,0
PO-2024-000839,SUP-023,Supplier Generic 23,India,Component,Medium,2024-11-24,2024-12-17,272,22.08,6005.76,Net 60,Sea,5276.6,17.2,48.9,7,1,2024-12-14,-3,Complete,0
PO-2024-001616,SUP-044,Supplier Generic 44,China,Component,Medium,2024-03-31,2024-04-22,479,24.65,11807.35,Net 30,Sea,3129.2,18.9,76.0,8,1,2024-05-04,12,Complete,1
PO-2024-001836,SUP-017,PT Prima Rekayasa Komponen,Vietnam,Packaging,Low,2024-12-01,2024-12-23,236,7.08,1670.88,Net 30,Sea,2771.1,19.5,65.3,9,1,2024-12-20,-3,Complete,0
PO-2024-000796,SUP-012,Seoul Alloy Industries,Malaysia,MRO,Medium,2024-02-06,2024-02-16,586,24.86,14567.96,Net 30,Sea,1839.6,6.8,96.6,4,0,2024-02-14,-2,Complete,0
PO-2024-000413,SUP-028,Supplier Generic 28,Indonesia,Component,Medium,2024-03-15,2024-03-19,277,4.24,1174.48,Net 60,Land,238.2,4.4,83.4,7,1,2024-03-17,-2,Complete,0
PO-2024-001713,SUP-038,Supplier Generic 38,China,Raw Material,High,2024-12-02,2024-12-29,338,46.71,15787.98,Net 60,Sea,3150.1,19.9,70.2,5,1,2024-12-26,-3,Complete,0
PO-2024-000343,SUP-022,Supplier Generic 22, China ,Component,Low,2024-07-04,2024-07-27,984,13.35,13136.4,COD,Sea,3320.7,17.1,99.0,9,0,2024-07-24,-3,Complete,0
PO-2024-000948,SUP-028,Supplier Generic 28,Indonesia,Component,Low,2024-09-24,2024-09-26,174,6.4,1113.6,Net 30,Courier,375.4,4.4,83.4,7,0,2024-09-23,-3,Complete,0
PO-2024-001758,SUP-011,Tokyo Machining Corp,China,Packaging,Medium,2024-11-14,2024-12-07,1080,6.89,7441.2,Net 60,Sea,3276.1,17.8,67.1,3,1,2024-12-04,-3,Complete,0
PO-2024-000739,SUP-029,Supplier Generic 29,Indonesia,Packaging,Low,2024-01-29,2024-02-07,930,3.54,3292.2,,Land,375.3,8.5,,9,0,2024-02-09,2,Complete,1
PO-2024-002123,SUP-011,Tokyo Machining Corp,China,Raw Material,Medium,2024-01-17,2024-02-02,1234,58.7,72435.8,Net 30,Sea,3785.8,17.8,67.1,5,0,2024-01-31,-2,Complete,0
PO-2024-000053,SUP-007,Global Parts Co.,USA,Component,Medium,2024-07-21,2024-08-29,1145,10.27,11759.15,Net 90,sea,13119.2,30.2,59.5,1,0,2024-08-28,-1,Complete,0
PO-2024-001310,SUP-024,Supplier Generic 24,Thailand,Component,Medium,2024-08-21,2024-09-05,427,15.58,6652.66,Net 60,Sea,2005.1,11.9,99.0,5,0,2024-09-02,-3,Complete,0
PO-2024-000999,SUP-033,Supplier Generic 33,CHINA,Raw Material,Medium,2024-10-21,2024-10-29,822,19.31,15872.82,COD,Air,3788.7,13.3,81.7,2,0,2024-10-26,-3,Complete,0
PO-2024-000096,SUP-044,Supplier Generic 44,China,Raw Material,Medium,2024-01-20,2024-02-15,1153,63.4,73100.2,Net 30,Sea,3500.6,18.9,76.0,8,0,2024-02-12,-3,Pending,0
PO-2024-001500,SUP-020,PT Wijaya Sparepart Utama,Germany,Component,Low,2024-07-07,2024-08-01,1095,10.57,11574.15,Net 30,Sea,10781.6,23.3,57.9,6,0,2024-07-31,-1,Complete,0
PO-2024-002133,SUP-014,Chennai Steel Works,South Korea,Component,High,2024-07-11,2024-08-06,704,10.0,7040.0,Net 60,Sea,5080.3,22.9,73.9,4,0,2024-08-06,0,Complete,0
PO-2024-000180,SUP-031,Supplier Generic 31,USA,Component,Low,2024-08-11,2024-09-09,532,3.4,1808.8,Net 90,Air,16952.5,30.5,89.8,5,0,2024-09-07,-2,Complete,0
PO-2024-001599,SUP-012,Seoul Alloy Industries,Malaysia,Component,Low,2024-10-02,2024-10-12,203,10.78,2188.34,Net 30,Sea,2037.9,6.8,96.6,4,0,2024-10-16,4,Complete,1
PO-2024-000185,SUP-001,PT Sinar Logam Jaya,South Korea,Component,Medium,2024-03-20,2024-04-11,648,23.94,15513.12,Net 30,Sea,5787.6,18.3,85.9,5,1,2024-04-17,6,Complete,1
PO-2024-000468,SUP-023,Supplier Generic 23,India,MRO,Low,2024-08-25,2024-09-14,211,2.79,588.69,Net 30,Sea,5218.3,17.2,48.9,4,0,2024-09-12,-2,Complete,0
PO-2024-000904,SUP-050,Supplier Generic 50,Indonesia,Packaging,Low,2024-04-12,2024-04-17,2927,9.43,27601.61,Net 60,Land,302.2,6.2,78.9,4,1,2024-04-14,-3,Complete,0
PO-2024-000072,SUP-035,Supplier Generic 35, China ,Raw Material,High,2024-01-07,2024-01-29,902,24.9,22459.8,Net 30,Sea,3440.8,14.5,80.7,6,0,2024-02-03,5,Complete,1
PO-2024-002150,SUP-002,PT Mitra Komponen Nusantara,China,MRO,Low,2024-06-06,2024-06-22,302,52.21,15767.42,Net 60,Air,3115.0,18.5,59.4,5,0,2024-06-24,2,Complete,1
PO-2024-002132,SUP-020,PT Wijaya Sparepart Utama,Germany,Component,Medium,2024-01-25,2024-02-13,1057,12.28,12979.96,Net 30,Air,12982.4,23.3,57.9,5,0,2024-02-10,-3,Complete,0
PO-2024-002099,SUP-010,Deutsche Praezisionsteile GmbH,China,Raw Material,Low,2024-06-28,2024-07-11,1219,25.27,30804.13,,Air,3281.9,17.0,64.2,3,0,2024-07-13,2,Complete,1
PO-2024-001208,SUP-022,Supplier Generic 22,China,Packaging,Low,2024-04-24,2024-05-17,1729,9.23,15958.67,Net 30,Sea,3277.9,17.1,99.0,2,1,2024-05-17,0,Complete,0
PO-2024-002078,SUP-027,Supplier Generic 27,China,MRO,Medium,2024-03-13,2024-03-29,1561,14.76,23040.36,Net 60,Air,3015.4,20.3,50.7,10,1,2024-03-26,-3,Complete,0
PO-2024-002396,SUP-039,Supplier Generic 39,Indonesia,Raw Material,Low,2024-12-11,2024-12-13,3192,5.97,19056.24,Net 60,Land,346.9,2.9,79.9,13,1,2024-12-11,-2,Complete,0
PO-2024-001064,SUP-035,Supplier Generic 35,china,Raw Material,Medium,2024-01-24,2024-02-09,844,9.94,8389.36,Net 60,Sea,2900.9,14.5,80.7,6,0,2024-02-07,-2,Complete,0
PO-2024-001529,SUP-036,Supplier Generic 36,Indonesia,Raw Material,High,2024-03-31,2024-04-05,5191,10.92,56685.72,,Courier,326.2,3.4,40.0,5,1,2024-04-16,11,Complete,1
PO-2024-001446,SUP-013,Bangkok Packaging Solutions,Germany,Packaging,Low,2024-04-26,2024-05-14,1674,43.01,71998.74,Net 30,Air,14379.3,21.0,53.4,5,1,2024-05-12,-2,Complete,0
PO-2024-001473,SUP-024,Supplier Generic 24,Thailand,Component,High,2024-04-10,2024-04-26,527,84.93,44758.11,Net 30,Sea,2133.5,11.9,99.0,5,1,2024-04-25,-1,Complete,0
PO-2024-000678,SUP-038,Supplier Generic 38,China,Raw Material,Medium,2024-08-22,2024-09-16,1105,14.77,16320.85,Net 60,Sea,3288.2,19.9,70.2,4,0,2024-09-16,0,Complete,0
PO-2024-001617,SUP-014,Chennai Steel Works,South Korea,Component,Low,2024-06-29,2024-07-26,482,49.26,23743.32,Net 30,Sea,6272.7,22.9,73.9,7,0,2024-07-27,1,Complete,1
PO-2024-001252,SUP-024,Supplier Generic 24,Thailand,Component,Low,2024-06-01,2024-06-20,1197,10.11,12101.67,Net 30,Sea,2339.0,11.9,99.0,1,0,2024-06-18,-2,Complete,0
PO-2024-001984,SUP-006,PT Sumber Teknik Mandiri,India,Component,High,2024-05-31,2024-06-21,240,18.5,4440.0,COD,Sea,5268.3,18.0,87.2,8,0,2024-06-18,-3,Complete,0
PO-2024-000836,SUP-043,Supplier Generic 43,Japan,MRO,Low,2024-01-11,2024-02-03,1316,11.91,15673.56,Net 30,Sea,6289.2,18.0,63.2,4,0,2024-02-01,-2,Complete,0
PO-2024-000940,SUP-012,Seoul Alloy Industries,Malaysia,Raw Material,Low,2024-10-08,2024-10-21,649,4.26,2764.74,Net 60,Sea,1868.6,6.8,96.6,4,0,2024-10-18,-3,Complete,0
PO-2024-000692,SUP-044,Supplier Generic 44,China,Raw Material,Low,2024-06-06,2024-06-27,981,28.48,27938.88,Net 60,Sea,3112.3,18.9,76.0,7,0,2024-06-26,-1,Complete,0
PO-2024-000335,SUP-026,Supplier Generic 26,Indonesia,Packaging,Medium,2024-06-05,2024-06-09,1948,10.95,21330.6,Net 90,Land,325.7,2.0,83.4,4,0,2024-06-06,-3,Complete,0
PO-2024-000874,SUP-002,PT Mitra Komponen Nusantara,China,Component,Low,2024-05-05,2024-05-27,76,10.38,788.88,Net 60,Sea,3519.9,18.5,59.4,5,0,2024-05-31,4,Pending,1
PO-2024-002364,SUP-023,Supplier Generic 23,India,MRO,Low,2024-10-05,2024-10-16,1226,16.74,20523.24,Net 60,Air,4620.2,17.2,48.9,6,0,2024-10-24,8,Complete,1
PO-2024-002056,SUP-003,PT Baja Presisi Indonesia,Thailand,Raw Material,Low,2024-02-21,2024-03-14,71,7.88,559.48,Net 30,Sea,2334.9,14.9,78.5,7,0,2024-03-14,0,Complete,0
PO-2024-000198,SUP-050,Supplier Generic 50,Indonesia,Raw Material,Low,2024-12-11,2024-12-17,664,13.31,8837.84,Net 30,Land,313.4,6.2,78.9,3,1,2024-12-17,0,Pending,0
PO-2024-000297,SUP-013,Bangkok Packaging Solutions,Germany,MRO,Medium,2024-08-06,2024-08-27,2765,4.78,13216.7,Net 30,Air,11168.1,21.0,53.4,11,0,2024-08-24,-3,Complete,0
PO-2024-001746,SUP-011,Tokyo Machining Corp,China,Raw Material,Medium,2024-07-29,2024-08-13,488,3.62,1766.56,Net 60,Air,2985.0,17.8,67.1,5,0,2024-08-13,0,Complete,0
PO-2024-002157,SUP-041,Supplier Generic 41,China,Packaging,Low,2024-10-26,2024-11-18,629,7.5,4717.5,Net 60,Sea,3358.0,18.1,43.3,10,0,2024-11-18,0,Complete,0
PO-2024-002053,SUP-024,Supplier Generic 24,Thailand,Raw Material,Low,2024-09-21,2024-10-08,518,17.14,8878.52,Net 90,Sea,1912.1,11.9,99.0,2,0,2024-10-08,0,Complete,0
PO-2024-000916,SUP-045,Supplier Generic 45,South Korea,Raw Material,Low,2024-08-16,2024-09-03,946,31.85,30130.1,Net 30,Air,6099.2,22.5,72.4,10,0,2024-09-01,-2,Complete,0
PO-2024-002290,SUP-019,PT Teknindo Sukses Mandiri,South Korea,Raw Material,Medium,2024-10-09,2024-11-10,550,9.08,4994.0,Net 60,Sea,4909.7,24.2,59.8,8,0,2024-11-09,-1,Complete,0
PO-2024-000612,SUP-005,PT Anugerah Kemasan,Indonesia,Packaging,Low,2024-02-02,2024-02-04,878,2.64,2317.92,Net 60,Land,390.7,2.0,98.1,6,0,2024-02-01,-3,Complete,0
PO-2024-000957,SUP-014,Chennai Steel Works,South Korea,Raw Material,Low,2024-12-22,2025-01-12,965,68.27,65880.55,Net 30,Air,5037.4,22.9,73.9,9,1,2025-01-24,12,Complete,1
PO-2024-001633,SUP-011,Tokyo Machining Corp,China,Raw Material,Low,2024-05-25,2024-06-15,412,9.66,3979.92,Net 30,Sea,3462.5,17.8,67.1,6,0,2024-06-15,0,Complete,0
PO-2024-001888,SUP-029,Supplier Generic 29,Indonesia,Packaging,High,2024-01-28,2024-02-02,1355,12.29,16652.95,Net 30,Land,366.3,8.5,40.0,14,0,2024-01-30,-3,Complete,0
PO-2024-000171,SUP-003,PT Baja Presisi Indonesia,Thailand,Raw Material,Medium,2024-06-21,2024-07-01,356,7.41,2637.96,Net 90,Air,2057.2,14.9,78.5,10,0,2024-06-30,-1,Complete,0
PO-2024-002221,SUP-039,Supplier Generic 39,Indonesia,Component,Medium,2024-03-21,2024-03-25,504,7.23,3643.92,Net 30,Land,382.7,2.9,79.9,6,1,2024-04-07,13,Complete,1
PO-2024-000507,SUP-049,Supplier Generic 49,Japan,Packaging,Medium,2024-02-28,2024-03-23,945,,,Net 30,Sea,5880.6,20.2,40.0,6,0,2024-03-28,5,Complete,1
PO-2024-000357,SUP-038,Supplier Generic 38,China,Component,Medium,2024-05-25,2024-06-19,2262,4.68,10586.16,COD,Sea,3137.0,19.9,70.2,4,0,2024-06-18,-1,Complete,0
PO-2024-002400,SUP-025,Supplier Generic 25,South Korea,MRO,High,2024-06-25,2024-07-19,216,17.0,3672.0,Net 60,Sea,4680.5,22.0,76.1,4,0,2024-07-18,-1,Complete,0
PO-2024-001155,SUP-003,PT Baja Presisi Indonesia, Thailand ,Raw Material,Low,2024-12-12,2024-12-23,326,26.59,8668.34,Net 60,Air,2173.8,14.9,78.5,6,1,2024-12-20,-3,Complete,0
PO-2024-001723,SUP-043,Supplier Generic 43,Japan,Component,High,2024-06-24,2024-07-14,326,13.66,4453.16,Net 30,Sea,6451.2,18.0,63.2,5,0,2024-07-12,-2,Complete,0
PO-2024-002238,SUP-022,Supplier Generic 22,China,Component,Low,2024-11-19,2024-12-13,358,8.23,2946.34,,Sea,3170.6,17.1,99.0,2,1,2024-12-12,-1,Complete,0
PO-2024-000668,SUP-045,Supplier Generic 45,South Korea,Raw Material,Medium,2024-08-31,2024-09-22,2549,56.82,144834.18,Net 90,Air,4873.5,22.5,72.4,7,0,2024-09-19,-3,Complete,0
PO-2024-000887,SUP-042,Supplier Generic 42,South Korea,Raw Material,High,2024-07-10,2024-08-02,288,20.22,5823.36,COD,Sea,5994.8,15.4,64.2,6,0,2024-08-16,14,Complete,1
PO-2024-001285,SUP-044,Supplier Generic 44,China,Packaging,Low,2024-10-24,2024-11-18,474,10.26,4863.24,Net 30,Sea,2715.8,18.9,76.0,3,0,2024-11-18,0,Complete,0
PO-2024-000154,SUP-003,PT Baja Presisi Indonesia,Thailand,Packaging,Low,2024-09-07,2024-09-26,1069,7.0,7483.0,Net 90,Sea,2358.9,14.9,78.5,5,0,2024-09-23,-3,Complete,0
PO-2024-001841,SUP-040,Supplier Generic 40,Japan,MRO,High,2024-10-15,2024-11-09,124,17.5,2170.0,Net 90,Sea,5819.2,17.0,67.4,6,0,2024-11-07,-2,Complete,0
PO-2024-000722,SUP-033,Supplier Generic 33,China,Packaging,Medium,2024-05-02,2024-05-10,2077,7.76,16117.52,Net 60,Air,2723.6,13.3,81.7,2,0,2024-05-09,-1,Complete,0
PO-2024-000374,SUP-008,Shenzhen Precision Metals,South Korea,Component,Medium,2024-12-20,2025-01-11,211,22.57,4762.27,Net 30,Sea,4951.3,14.4,61.0,6,1,2025-01-11,0,Complete,0
PO-2024-000313,SUP-029,Supplier Generic 29,Indonesia,MRO,High,2024-07-14,2024-07-20,436,18.99,8279.64,Net 90,Courier ,364.7,8.5,40.0,10,0,2024-07-19,-1,Complete,0
PO-2024-001850,SUP-022,Supplier Generic 22,China,Raw Material,Low,2024-10-12,2024-11-05,726,9.9,7187.4,Net 30,Sea,3192.0,17.1,99.0,3,0,2024-11-05,0,Complete,0
PO-2024-001623,SUP-003,PT Baja Presisi Indonesia,Thailand,MRO,Low,2024-02-16,2024-03-07,496,5.39,2673.44,Net 90,Sea ,2201.2,14.9,78.5,4,0,2024-03-04,-3,Pending,0
PO-2024-000043,SUP-007,Global Parts Co.,USA,Packaging,Low,2024-05-27,2024-06-21,85,10.48,890.8,Net 60,Air,17298.8,30.2,59.5,5,0,2024-06-18,-3,Complete,0
PO-2024-000523,SUP-015,KL Electronic Parts,China,Component,Low,2024-11-06,2024-11-28,1947,8.11,15790.17,Net 30,Sea,3327.0,19.7,79.7,6,1,2024-11-26,-2,Complete,0
PO-2024-000418,SUP-039,Supplier Generic 39,Indonesia,Raw Material,Medium,2024-11-25,2024-11-29,162,65.03,10534.86,Net 60,Courier,300.2,2.9,79.9,6,1,2024-11-27,-2,Complete,0
PO-2024-000658,SUP-022,Supplier Generic 22,China,Raw Material,High,2024-03-26,2024-04-07,4575,20.73,94839.75,Net 60,Air,3535.5,17.1,99.0,3,1,2024-04-07,0,Complete,0
PO-2024-000705,SUP-048,Supplier Generic 48,Indonesia,Raw Material,Low,2024-05-09,2024-05-14,427,11.59,4948.93,Net 30,Land,323.3,5.9,96.4,8,0,2024-05-19,5,Complete,1
PO-2024-002317,SUP-029,Supplier Generic 29,Indonesia,Component,Low,2024-08-28,2024-09-04,982,16.24,15947.68,Net 30,Land,381.1,8.5,40.0,7,0,2024-09-02,-2,Complete,0
PO-2024-002342,SUP-008,Shenzhen Precision Metals,South Korea,MRO,Medium,2024-06-23,2024-07-13,1043,34.56,36046.08,Net 60,Sea,5189.1,14.4,61.0,4,0,2024-07-10,-3,Complete,0
PO-2024-001470,SUP-015,KL Electronic Parts,China,Raw Material,Low,2024-08-27,2024-09-22,315,23.58,7427.7,Net 30,Sea,3003.6,19.7,79.7,3,0,2024-09-25,3,Pending,1
PO-2024-000908,SUP-001,PT Sinar Logam Jaya,South Korea,Component,High,2024-12-30,2025-01-23,86,8.44,725.84,Net 30,Sea,4804.0,18.3,85.9,4,1,2025-01-22,-1,Complete,0
PO-2024-000520,SUP-018,PT Bumi Kemasan Lestari,Indonesia,Component,High,2024-03-23,2024-03-28,457,11.57,5287.49,Net 30,Land,294.9,6.3,51.1,8,1,2024-03-29,1,Complete,1
PO-2024-000815,SUP-005,PT Anugerah Kemasan,Indonesia,Raw Material,Medium,2024-03-02,2024-03-04,5823,57.63,335579.49,Net 90,Courier,372.8,2.0,98.1,3,1,2024-03-01,-3,Complete,0
PO-2024-000735,SUP-015,KL Electronic Parts,China,Raw Material,High,2024-04-02,2024-04-20,11485,38.97,447570.45,Net 60,air,3242.7,19.7,79.7,2,1,2024-04-29,9,Pending,1
PO-2024-001523,SUP-024,Supplier Generic 24,Thailand,Component,High,2024-10-05,2024-10-20,682,27.17,18529.94,Net 30,Sea,1997.8,11.9,99.0,4,0,2024-10-19,-1,Complete,0
PO-2024-001639,SUP-016,PT Cahaya Logistik Industri,Indonesia,Packaging,Medium,2024-06-28,2024-07-08,370,5.63,2083.1,Net 60,Courier,357.9,10.2,67.7,4,0,2024-07-06,-2,Complete,0
PO-2024-002433,SUP-050,Supplier Generic 50,Indonesia,Packaging,Medium,2024-10-12,2024-10-14,678,9.16,6210.48,Net 30,Land,356.5,6.2,78.9,3,0,2024-10-12,-2,Complete,0
PO-2024-002177,SUP-019,PT Teknindo Sukses Mandiri,South Korea,MRO,Medium,2024-06-08,2024-06-28,953,40.26,38367.78,Net 60,Air,5497.0,24.2,59.8,7,0,2024-06-27,-1,Complete,0
PO-2024-001884,SUP-020,PT Wijaya Sparepart Utama,Germany,MRO,Low,2024-11-23,2024-12-19,261,15.91,4152.51,Net 30,Sea,10588.0,23.3,57.9,12,1,2024-12-18,-1,Complete,0
PO-2024-002149,SUP-005,PT Anugerah Kemasan,Indonesia,MRO,Low,2024-10-03,2024-10-05,209,24.83,5189.47,Net 60,Land,283.5,2.0,98.1,5,0,2024-10-05,0,Complete,0
PO-2024-002145,SUP-010,Deutsche Praezisionsteile GmbH,China,Component,Medium,2024-11-06,2024-11-22,3048,3.4,10363.2,Net 30,Air,2714.1,17.0,64.2,6,1,2024-11-20,-2,Complete,0
PO-2024-001943,SUP-034,Supplier Generic 34,China,Component,Medium,2024-11-29,2024-12-23,781,5.29,4131.49,COD,Sea,3742.1,17.8,81.6,3,1,2024-12-22,-1,Complete,0
PO-2024-001804,SUP-050,Supplier Generic 50,Indonesia,Raw Material,Medium,2024-03-04,2024-03-09,1063,3.57,3794.91,Net 30,Courier,349.2,6.2,78.9,6,1,2024-03-06,-3,Complete,0
PO-2024-002360,SUP-038,Supplier Generic 38,China,Component,High,2024-09-06,2024-09-23,132,,,Net 30,Air,3322.3,19.9,70.2,4,0,2024-09-21,-2,Complete,0
PO-2024-001262,SUP-018,PT Bumi Kemasan Lestari,Indonesia,Raw Material,Low,2024-11-07,2024-11-10,2799,3.75,10496.25,Net 90,Courier,329.3,6.3,51.1,4,1,2024-11-19,9,Complete,1
PO-2024-002013,SUP-030,Supplier Generic 30,Japan,Component,Medium,2024-05-11,2024-06-09,957,30.61,29293.77,Net 60,Sea ,5376.3,22.3,78.3,9,0,2024-06-07,-2,Partial,0
PO-2024-001595,SUP-015,KL Electronic Parts,China,Packaging,High,2024-08-27,2024-09-19,229,42.67,9771.43,Net 30,Sea,3628.9,19.7,79.7,7,0,2024-09-16,-3,Complete,0
PO-2024-000233,SUP-048,Supplier Generic 48,Indonesia,Component,Low,2024-08-22,2024-08-29,769,,,Net 60,Land,283.8,5.9,96.4,6,0,2024-08-27,-2,Complete,0
PO-2024-000795,SUP-017,PT Prima Rekayasa Komponen,Vietnam,Component,Low,2024-09-28,2024-10-25,135,4.08,550.8,Net 60,Sea,2226.7,19.5,65.3,2,0,2024-10-24,-1,Complete,0
PO-2024-001707,SUP-006,PT Sumber Teknik Mandiri,India,MRO,Low,2024-04-25,2024-05-21,971,5.72,5554.12,Net 60,Sea,4666.4,18.0,87.2,7,1,2024-05-21,0,Complete,0
PO-2024-002427,SUP-023,Supplier Generic 23,India,Raw Material,Low,2024-03-14,2024-03-30,783,12.52,9803.16,Net 60,Air,5614.7,17.2,48.9,7,1,2024-04-07,8,Complete,1
PO-2024-000113,SUP-044,Supplier Generic 44,China,Component,Medium,2024-02-17,2024-03-10,510,15.84,8078.4,,Sea,2999.2,18.9,76.0,17,0,2024-03-07,-3,Complete,0
PO-2024-001583,SUP-012,Seoul Alloy Industries,Malaysia,Raw Material,High,2024-02-18,2024-02-27,49,23.53,1152.97,Net 30,Sea,1898.0,6.8,96.6,2,0,2024-03-10,12,Complete,1
PO-2024-002484,SUP-014,Chennai Steel Works,South Korea,Raw Material,High,2024-10-16,2024-11-15,342,9.64,3296.88,Net 60,Sea,4521.3,22.9,73.9,7,0,2024-11-13,-2,Complete,0
PO-2024-000226,SUP-021,Supplier Generic 21,USA,Packaging,Medium,2024-06-11,2024-07-06,503,30.44,15311.32,Net 30,Air,16958.1,27.5,76.2,6,0,2024-07-05,-1,Complete,0
PO-2024-001043,SUP-029,Supplier Generic 29,Indonesia,Component,High,2024-06-26,2024-07-03,440,3.04,1337.6,Net 60,Land,335.8,8.5,40.0,5,0,2024-07-03,0,Complete,0
PO-2024-001193,SUP-002,PT Mitra Komponen Nusantara,China,Component,Low,2024-08-29,2024-09-21,1144,10.8,12355.2,Net 30,Sea,3549.1,18.5,59.4,9,0,2024-09-20,-1,Complete,0
PO-2024-001450,SUP-047,Supplier Generic 47,China,Raw Material,Low,2024-09-09,2024-09-22,299,8.21,2454.79,Net 30,Sea,3049.2,11.1,49.4,5,0,2024-09-19,-3,Complete,0
PO-2024-001764,SUP-007,Global Parts Co.,USA,Component,Medium,2024-01-03,2024-02-09,549,32.69,17946.81,Net 60,Sea,15040.9,30.2,59.5,9,0,2024-02-09,0,Complete,0
PO-2024-001667,SUP-046,Supplier Generic 46,South Korea,Packaging,Low,2024-11-21,2024-12-11,1178,17.89,21074.42,Net 30,Air,4293.9,20.8,93.5,6,1,2024-12-09,-2,Partial,0
PO-2024-000622,SUP-015,KL Electronic Parts,China,Component,Medium,2024-02-08,2024-02-23,308,18.72,5765.76,Net 30,Air,2944.1,19.7,79.7,6,0,2024-02-20,-3,Complete,0
PO-2024-000771,SUP-009,Hanoi Component Supply,Indonesia,Packaging,High,2024-04-23,2024-05-01,492,13.09,6440.28,Net 90,Land,356.2,7.6,90.8,3,1,2024-04-28,-3,Complete,0
PO-2024-000804,SUP-024,Supplier Generic 24,Thailand,Component,Low,2024-05-30,2024-06-14,897,18.09,16226.73,Net 60,Sea,2109.1,11.9,99.0,3,0,2024-06-11,-3,Complete,0
PO-2024-001183,SUP-038,Supplier Generic 38,China,Component,Medium,2024-07-09,2024-08-02,203,15.15,3075.45,Net 30,Sea,3541.8,19.9,70.2,4,0,2024-08-06,4,Pending,1
PO-2024-001169,SUP-031,Supplier Generic 31,USA,Raw Material,Medium,2024-08-18,2024-09-12,1571,10.72,16841.12,Net 90,Air,16993.7,30.5,,3,0,2024-09-12,0,Complete,0
PO-2024-000037,SUP-005,PT Anugerah Kemasan,Indonesia,Raw Material,High,2024-02-15,2024-02-17,1707,18.06,30828.42,Net 60,Courier,328.3,2.0,98.1,1,0,2024-02-14,-3,Complete,0
PO-2024-000106,SUP-034,Supplier Generic 34,China,Packaging,Low,2024-08-18,2024-08-30,521,35.08,18276.68,Net 90,Air,3403.5,17.8,81.6,7,0,2024-08-28,-2,Complete,0
PO-2024-000363,SUP-021,Supplier Generic 21,usa,Component,Medium,2024-11-14,2024-12-15,1166,7.79,9083.14,Net 30,Sea,17769.6,27.5,76.2,9,1,2024-12-14,-1,Complete,0
PO-2024-000851,SUP-049,Supplier Generic 49,Japan,Component,High,2024-02-11,2024-03-06,1215,9.8,11907.0,Net 30,Sea,5270.7,20.2,40.0,3,0,2024-03-03,-3,Complete,0
PO-2024-001741,SUP-043,Supplier Generic 43,Japan,Packaging,Medium,2024-03-11,2024-04-01,176,5.22,918.72,Net 30,Sea,5716.7,18.0,63.2,2,1,2024-04-01,0,Complete,0
PO-2024-000857,SUP-037,Supplier Generic 37,Indonesia,Packaging,Medium,2024-03-16,2024-03-24,380,10.66,4050.8,COD,Land,389.0,9.5,88.9,5,1,2024-03-21,-3,Complete,0
PO-2024-000566,SUP-037,Supplier Generic 37,Indonesia,Packaging,Medium,2024-11-02,2024-11-11,863,10.67,9208.21,COD,land,434.7,9.5,88.9,5,1,2024-11-11,0,Complete,0
PO-2024-000250,SUP-030,Supplier Generic 30,Japan,Raw Material,Medium,2024-04-05,2024-04-27,792,9.88,7824.96,Net 30,Air,7218.7,22.3,78.3,3,1,2024-04-27,0,Complete,0
PO-2024-001475,SUP-019,PT Teknindo Sukses Mandiri,South Korea,Component,Medium,2024-08-29,2024-09-29,5111,34.59,176789.49,Net 30,Sea,5611.8,24.2,59.8,9,0,2024-09-27,-2,Complete,0
PO-2024-000318,SUP-016,PT Cahaya Logistik Industri,Indonesia,MRO,Medium,2024-05-20,2024-05-29,812,5.33,4327.96,Net 90,Land,355.2,10.2,67.7,5,0,2024-05-27,-2,Complete,0
PO-2024-001201,SUP-015,KL Electronic Parts,China,Raw Material,High,2024-08-14,2024-09-04,689,2.36,1626.04,Net 90,Sea,3582.7,19.7,79.7,3,0,2024-09-02,-2,Complete,0
PO-2024-001108,SUP-044,Supplier Generic 44,China,Packaging,High,2024-04-16,2024-05-04,1955,4.35,8504.25,Net 90,Air,2995.4,18.9,76.0,5,1,2024-05-01,-3,Complete,0
PO-2024-000653,SUP-049,Supplier Generic 49,Japan,Raw Material,Low,2024-09-25,2024-10-25,924,26.49,24476.76,Net 30,Sea,5750.3,20.2,40.0,8,0,2024-10-31,6,Complete,1
PO-2024-001668,SUP-020,PT Wijaya Sparepart Utama,Germany,Packaging,Medium,2024-07-09,2024-08-02,47,39.14,1839.58,COD,Sea,12072.9,23.3,57.9,7,0,2024-08-02,0,Complete,0
PO-2024-000411,SUP-043,Supplier Generic 43,Japan,Component,Low,2024-02-08,2024-02-22,336,6.75,2268.0,Net 30,Air,5642.8,18.0,63.2,5,0,2024-02-21,-1,Pending,0
PO-2024-002409,SUP-023,Supplier Generic 23,India,Component,Low,2024-03-16,2024-03-29,101,37.26,3763.26,Net 30,Air,4880.7,17.2,48.9,6,1,2024-04-01,3,Pending,1
PO-2024-001026,SUP-038,Supplier Generic 38,China,Raw Material,Medium,2024-05-26,2024-06-16,726,,,Net 30,Air,3616.8,19.9,70.2,5,0,2024-06-15,-1,Complete,0
PO-2024-001333,SUP-038,Supplier Generic 38,China,MRO,Low,2024-07-09,2024-08-05,700,41.27,28889.0,Net 90,Sea,2984.3,19.9,70.2,6,0,2024-08-10,5,Complete,1
PO-2024-002376,SUP-020,PT Wijaya Sparepart Utama,Germany,Packaging,Low,2024-07-03,2024-07-30,297,7.77,2307.69,Net 30,Sea,11651.2,23.3,57.9,5,0,2024-07-29,-1,Complete,0
PO-2024-001435,SUP-017,PT Prima Rekayasa Komponen,Vietnam,MRO,Low,2024-04-10,2024-05-02,376,6.53,2455.28,COD,Sea,2454.0,19.5,65.3,6,1,2024-05-01,-1,Complete,0
PO-2024-002307,SUP-020,PT Wijaya Sparepart Utama,Germany,Raw Material,Medium,2024-04-10,2024-05-09,1503,30.49,45826.47,Net 30,Sea,13045.7,23.3,57.9,6,1,2024-05-08,-1,Complete,0
PO-2024-000838,SUP-031,Supplier Generic 31,USA,Component,High,2024-10-18,2024-11-21,9009,12.68,114234.12,Net 60,Sea,17534.3,30.5,89.8,3,0,2024-12-04,13,Complete,1
PO-2024-002326,SUP-015,KL Electronic Parts,china,MRO,Low,2024-08-20,2024-09-12,458,18.87,8642.46,Net 30,Sea,3357.0,19.7,79.7,5,0,2024-09-14,2,Complete,1
PO-2024-000883,SUP-043,Supplier Generic 43,Japan,MRO,High,2024-04-21,2024-05-13,711,50.17,35670.87,Net 60,Sea,5217.4,18.0,63.2,5,1,2024-05-13,0,Complete,0
PO-2024-000638,SUP-046,Supplier Generic 46,South Korea,Raw Material,Medium,2024-02-27,2024-03-24,2088,14.61,30505.68,Net 30,Sea,4959.3,20.8,93.5,4,0,2024-03-21,-3,Complete,0
PO-2024-000424,SUP-027,Supplier Generic 27,China,Component,High,2024-02-14,2024-03-04,397,69.14,27448.58,Net 30,Air,3736.8,20.3,50.7,8,0,2024-03-17,13,Complete,1
PO-2024-001997,SUP-048,Supplier Generic 48,Indonesia,Raw Material,Low,2024-07-13,2024-07-16,469,6.81,3193.89,,Land,347.0,5.9,96.4,4,0,2024-07-16,0,Complete,0
PO-2024-000377,SUP-043,Supplier Generic 43, Japan ,Component,Medium,2024-04-11,2024-05-05,1398,7.74,10820.52,Net 30,Sea,5152.7,18.0,63.2,7,1,2024-05-02,-3,Complete,0
PO-2024-000525,SUP-026,Supplier Generic 26,Indonesia,Packaging,Low,2024-09-26,2024-09-28,307,17.21,5283.47,Net 60,Land ,244.1,2.0,83.4,2,0,2024-09-25,-3,Partial,0
PO-2024-000151,SUP-041,Supplier Generic 41, China ,Raw Material,Medium,2024-04-08,2024-05-03,747,5.77,4310.19,Net 30,sea,3058.4,18.1,43.3,9,1,2024-05-02,-1,Complete,0
PO-2024-001950,SUP-027,Supplier Generic 27,China,Raw Material,Low,2024-12-16,2025-01-09,159,22.03,3502.77,Net 30,Sea,3291.2,20.3,50.7,12,1,2025-01-18,9,Complete,1
PO-2024-001775,SUP-018,PT Bumi Kemasan Lestari,Indonesia,Component,Low,2024-12-16,2024-12-22,517,6.04,3122.68,Net 30,Land,356.9,6.3,51.1,5,1,2024-12-29,7,Complete,1
PO-2024-000627,SUP-006,PT Sumber Teknik Mandiri,India,Raw Material,Low,2024-04-08,2024-04-28,521,11.14,5803.94,Net 30,Sea,5387.2,18.0,87.2,4,1,2024-05-06,8,Complete,1
PO-2024-002383,SUP-010,Deutsche Praezisionsteile GmbH,China,Raw Material,Medium,2024-05-22,2024-06-04,1317,1.36,1791.12,Net 30,Air,3085.2,17.0,64.2,5,0,2024-06-04,0,Complete,0
PO-2024-001846,SUP-018,PT Bumi Kemasan Lestari,INDONESIA,Raw Material,Medium,2024-06-08,2024-06-17,845403,8.13,16804.71,Net 30,Courier,367.5,6.3,51.1,6,0,2024-06-17,0,Complete,0
PO-2024-000718,SUP-029,Supplier Generic 29,Indonesia,Packaging,Low,2024-05-09,2024-05-15,818,7.35,6012.3,Net 30,Courier,334.3,8.5,40.0,10,0,2024-05-13,-2,Complete,0
PO-2024-001881,SUP-026,Supplier Generic 26,Indonesia,Component,High,2024-07-10,2024-07-13,265,82.7,21915.5,Net 90,Land,365.9,2.0,83.4,4,0,2024-07-10,-3,Complete,0
PO-2024-001156,SUP-011,Tokyo Machining Corp,China,MRO,Medium,2024-04-24,2024-05-05,292,22.25,6497.0,Net 30,Air,2885.8,17.8,67.1,5,1,2024-05-04,-1,Complete,0
PO-2024-002223,SUP-046,Supplier Generic 46,South Korea,Raw Material,High,2024-02-15,2024-03-12,316,10.8,3412.8,Net 30,Sea,5072.1,20.8,93.5,7,0,2024-03-12,0,Complete,0
PO-2024-001432,SUP-047,Supplier Generic 47,china,Packaging,Medium,2024-04-11,2024-04-18,3363,8.02,26971.26,Net 90,Air,3257.2,11.1,49.4,7,1,2024-04-15,-3,Complete,0
PO-2024-002306,SUP-007,Global Parts Co.,USA,Raw Material,Medium,2024-04-20,2024-05-26,142,17.43,2475.06,Net 60,Sea,15548.0,30.2,59.5,5,1,2024-05-25,-1,Complete,0
PO-2024-002172,SUP-004,PT Karya Plastik Sejahtera,Japan,MRO,Medium,2024-08-03,2024-08-26,424,17.98,7623.52,Net 30,Sea,5544.8,18.9,59.3,8,0,2024-08-25,-1,Complete,0
PO-2024-002187,SUP-044,Supplier Generic 44,China,Raw Material,Low,2024-07-23,2024-08-13,2203,1.76,3877.28,Net 30,Sea,2966.1,18.9,76.0,8,0,2024-08-10,-3,Complete,0
PO-2024-000880,SUP-009,Hanoi Component Supply,Indonesia,MRO,Medium,2024-05-01,2024-05-08,1485,14.18,21057.3,Net 90,Courier,329.5,7.6,90.8,9,0,2024-05-07,-1,Complete,0
PO-2024-001076,SUP-045,Supplier Generic 45,South Korea,Component,Medium,2024-06-10,2024-06-30,3111,63.77,198388.47,Net 60,Air,6099.6,22.5,72.4,4,0,2024-06-28,-2,Complete,0
PO-2024-000625,SUP-027,Supplier Generic 27,China,Raw Material,Low,2024-01-05,2024-01-28,272,14.28,3884.16,Net 90,Sea,3296.2,20.3,50.7,6,0,2024-01-26,-2,Complete,0
PO-2024-002490,SUP-034,Supplier Generic 34,china,Component,Medium,2024-07-12,2024-08-06,3243,30.25,98100.75,Net 30,Sea,3232.9,17.8,81.6,12,0,2024-08-05,-1,Complete,0
PO-2024-001367,SUP-017,PT Prima Rekayasa Komponen,Vietnam,Component,Medium,2024-09-10,2024-10-03,1118,21.33,23846.94,Net 30,Sea,2550.1,19.5,,13,0,2024-10-03,0,Complete,0
PO-2024-002231,SUP-030,Supplier Generic 30,JAPAN,MRO,High,2024-05-23,2024-06-22,2216,5.74,12719.84,Net 60,Sea,5035.5,22.3,78.3,4,0,2024-06-21,-1,Complete,0
PO-2024-000618,SUP-041,Supplier Generic 41,China,Component,High,2024-05-08,2024-06-03,3400,14.25,48450.0,Net 30,Sea,3103.0,18.1,43.3,6,0,2024-06-01,-2,Pending,0
PO-2024-001325,SUP-015,KL Electronic Parts,China,Raw Material,Medium,2024-05-21,2024-06-05,3276,8.57,28075.32,Net 30,Air,3701.4,19.7,79.7,5,0,2024-06-02,-3,Complete,0
PO-2024-002349,SUP-036,Supplier Generic 36,Indonesia,Raw Material,Medium,2024-04-30,2024-05-02,1493,10.41,15542.13,Net 30,Courier,331.7,3.4,40.0,8,1,2024-05-06,4,Complete,1
PO-2024-002289,SUP-036,Supplier Generic 36,Indonesia,Raw Material,Low,2024-05-12,2024-05-14,5287,9.62,50860.94,Net 30,Land,361.5,3.4,40.0,4,0,2024-05-14,0,Complete,0
PO-2024-001690,SUP-042,Supplier Generic 42,South Korea,Raw Material,Medium,2024-02-25,2024-03-07,696,17.69,12312.24,Net 30,Air,4851.7,15.4,64.2,8,0,2024-03-05,-2,Complete,0
PO-2024-001351,SUP-037,Supplier Generic 37,Indonesia,Raw Material,Low,2024-07-16,2024-07-28,90,23.61,2124.9,Net 30,Land,389.7,9.5,88.9,4,0,2024-07-28,0,Complete,0
PO-2024-002377,SUP-036,Supplier Generic 36,Indonesia,Raw Material,Medium,2024-08-21,2024-08-24,787,4.95,3895.65,Net 60,Land,334.2,3.4,40.0,7,0,2024-08-31,7,Complete,1
PO-2024-001831,SUP-040,Supplier Generic 40,Japan,Raw Material,High,2024-08-14,2024-08-29,189,5.09,962.01,Net 30,Air,5786.2,17.0,67.4,7,0,2024-09-09,11,Complete,1
PO-2024-001687,SUP-038,Supplier Generic 38,China,Component,Medium,2024-05-15,2024-06-09,394,27.87,10980.78,Net 30,Sea,3787.3,19.9,70.2,6,0,2024-06-16,7,Complete,1
PO-2024-001693,SUP-024,Supplier Generic 24,Thailand,MRO,Low,2024-12-05,2024-12-21,374,6.78,2535.72,Net 30,Sea ,2430.1,11.9,99.0,6,1,2024-12-21,0,Complete,0
PO-2024-000466,SUP-047,Supplier Generic 47,China,Component,High,2024-07-21,2024-08-05,1924,9.15,17604.6,Net 60,Sea,4174.5,11.1,49.4,8,0,2024-08-10,5,Complete,1
PO-2024-001188,SUP-013,Bangkok Packaging Solutions,germany,Component,Medium,2024-04-11,2024-04-30,737,6.51,4797.87,Net 60,Air ,10569.6,21.0,53.4,12,1,2024-04-29,-1,Complete,0
PO-2024-001192,SUP-009,Hanoi Component Supply,Indonesia,Raw Material,Medium,2024-03-19,2024-03-25,1031,5.32,5484.92,Net 60,Courier,331.3,7.6,90.8,8,1,2024-03-24,-1,Complete,0
PO-2024-002255,SUP-031,Supplier Generic 31,USA,Packaging,Low,2024-03-17,2024-04-14,1057,14.08,14882.56,Net 30,Air,15676.7,30.5,89.8,3,1,2024-04-13,-1,Complete,0
PO-2024-000325,SUP-036,Supplier Generic 36,Indonesia,Component,Medium,2024-09-14,2024-09-17,932,17.68,16477.76,,Land,383.7,3.4,40.0,11,0,2024-09-15,-2,Partial,0
PO-2024-001763,SUP-004,PT Karya Plastik Sejahtera,Japan,Raw Material,Medium,2024-03-08,2024-03-28,3081,,,Net 30,Air,5724.2,18.9,59.3,7,1,2024-03-27,-1,Complete,0
PO-2024-000707,SUP-030,Supplier Generic 30,Japan,Component,Low,2024-11-24,2024-12-20,817,,,Net 30,Sea,6931.1,22.3,78.3,5,1,2024-12-17,-3,Complete,0
PO-2024-000715,SUP-024,Supplier Generic 24, Thailand ,MRO,Medium,2024-03-03,2024-03-20,519,3.46,1795.74,Net 30,Sea,2350.4,11.9,99.0,1,1,2024-03-20,0,Complete,0
PO-2024-002128,SUP-025,Supplier Generic 25,South Korea,Raw Material,Low,2024-02-09,2024-03-04,254,10.71,2720.34,Net 60,Sea,5010.4,22.0,76.1,5,0,2024-03-01,-3,Complete,0
PO-2024-000902,SUP-026,Supplier Generic 26,Indonesia,MRO,Medium,2024-04-09,2024-04-11,980,5.07,4968.6,Net 30,Land,352.2,2.0,83.4,3,1,2024-04-15,4,Complete,1
PO-2024-002215,SUP-009,Hanoi Component Supply,Indonesia,Component,High,2024-09-24,2024-09-29,85,27.28,2318.8,Net 30,Land,342.2,7.6,90.8,4,0,2024-09-26,-3,Complete,0
PO-2024-001631,SUP-017,PT Prima Rekayasa Komponen,Vietnam,Component,High,2024-08-24,2024-09-10,3538,16.85,59615.3,Net 30,Air,2754.9,19.5,65.3,7,0,2024-09-08,-2,Complete,0
PO-2024-002278,SUP-043,Supplier Generic 43,Japan,Packaging,Low,2024-08-13,2024-09-05,1244,11.37,14144.28,Net 60,Sea,6012.2,18.0,63.2,2,0,2024-09-05,0,Complete,0
PO-2024-000101,SUP-003,PT Baja Presisi Indonesia,Thailand,Raw Material,Low,2024-02-08,2024-02-26,233,19.43,4527.19,COD,Sea,2332.2,14.9,78.5,13,0,2024-02-25,-1,Complete,0
PO-2024-000291,SUP-043,Supplier Generic 43,Japan,Raw Material,Low,2024-05-25,2024-06-18,3122,12.95,40429.9,Net 60,Sea,5632.3,18.0,63.2,5,0,2024-06-15,-3,Complete,0
PO-2024-000879,SUP-036,Supplier Generic 36,Indonesia,Raw Material,High,2024-12-24,2024-12-30,587,4.39,2576.93,Net 60,Land,364.2,3.4,40.0,9,1,2025-01-02,3,Complete,1
PO-2024-000087,SUP-026,Supplier Generic 26,Indonesia,Component,Medium,2024-02-29,2024-03-03,550,137.75,75762.5,Net 90,Land,342.0,2.0,83.4,5,0,2024-03-01,-2,Complete,0
PO-2024-002284,SUP-034,Supplier Generic 34,China,MRO,Low,2024-10-24,2024-11-17,302,9.87,2980.74,Net 30,Sea,3733.4,17.8,81.6,7,0,2024-11-15,-2,Complete,0
PO-2024-001276,SUP-022,Supplier Generic 22,China,Raw Material,Low,2024-08-04,2024-08-28,435,12.39,5389.65,Net 30,Sea,3021.8,17.1,99.0,7,0,2024-09-08,11,Complete,1
PO-2024-001524,SUP-045,Supplier Generic 45,South Korea,Raw Material,Medium,2024-03-14,2024-04-08,774,9.51,7360.74,Net 60,Sea,4962.9,22.5,72.4,5,1,2024-04-19,11,Complete,1
PO-2024-001695,SUP-027,Supplier Generic 27,China,Raw Material,Medium,2024-09-11,2024-10-10,517,,,Net 60,Sea,3725.9,20.3,50.7,9,0,2024-10-07,-3,Complete,0
PO-2024-001296,SUP-020,PT Wijaya Sparepart Utama, Germany ,Raw Material,Medium,2024-11-08,2024-11-29,1418,21.75,30841.5,Net 90,Air ,12362.6,23.3,57.9,3,1,2024-11-27,-2,Complete,0
PO-2024-001138,SUP-009,Hanoi Component Supply,Indonesia,Raw Material,Medium,2024-06-13,2024-06-20,891,12.21,10879.11,Net 30,Land,367.7,7.6,90.8,2,0,2024-06-18,-2,Complete,0
PO-2024-002073,SUP-001,PT Sinar Logam Jaya,South Korea,Component,High,2024-08-14,2024-09-05,239,13.6,3250.4,Net 30,Sea,4945.8,18.3,85.9,5,0,2024-09-04,-1,Complete,0
PO-2024-001236,SUP-031,Supplier Generic 31,usa,Packaging,Low,2024-07-01,2024-08-06,348,7.87,2738.76,Net 90,sea,18110.9,30.5,89.8,3,0,2024-08-04,-2,Complete,0
PO-2024-000833,SUP-025,Supplier Generic 25,South Korea,Component,Low,2024-11-11,2024-11-30,543,38.11,20693.73,Net 30,Air,5923.5,22.0,76.1,5,1,2024-11-27,-3,Pending,0
PO-2024-000592,SUP-012,Seoul Alloy Industries,Malaysia,Raw Material,Low,2024-12-15,2024-12-27,1308,3.33,4355.64,Net 60,Sea,1909.4,6.8,96.6,9,1,2024-12-26,-1,Complete,0
PO-2024-002492,SUP-041,Supplier Generic 41,China,Component,Low,2024-10-16,2024-11-08,120,3.52,422.4,Net 30,Sea,2953.8,18.1,43.3,8,0,2024-11-06,-2,Complete,0
PO-2024-000110,SUP-005,PT Anugerah Kemasan,Indonesia,MRO,Low,2024-05-28,2024-05-31,1557,21.77,33895.89,Net 30,Land,377.5,2.0,98.1,3,0,2024-05-28,-3,Complete,0
PO-2024-002104,SUP-036,Supplier Generic 36,indonesia,Component,Low,2024-09-11,2024-09-14,1831,16.34,29918.54,Net 30,Courier,416.2,3.4,40.0,9,0,2024-09-11,-3,Complete,0
PO-2024-002494,SUP-012,Seoul Alloy Industries,Malaysia,Component,High,2024-11-05,2024-11-18,3229,8.92,28802.68,Net 30,Sea,1836.0,6.8,96.6,6,1,2024-11-16,-2,Complete,0
PO-2024-001073,SUP-024,Supplier Generic 24,Thailand,Component,Medium,2024-10-31,2024-11-08,160,9.27,1483.2,Net 90,Air,2085.9,11.9,99.0,6,0,2024-11-07,-1,Complete,0
PO-2024-001620,SUP-027,Supplier Generic 27,china,Packaging,High,2024-07-02,2024-07-25,7677,11.79,90511.83,Net 30,Sea,3199.3,20.3,50.7,6,0,2024-07-25,0,Complete,0
PO-2024-001493,SUP-012,Seoul Alloy Industries,Malaysia,Component,Medium,2024-01-08,2024-01-20,574,3.73,2141.02,Net 30,Sea,1860.8,6.8,96.6,3,0,2024-01-17,-3,Complete,0
PO-2024-000546,SUP-047,Supplier Generic 47,China,Packaging,Medium,2024-05-11,2024-05-26,2095,8.49,17786.55,Net 30,Sea,3205.9,11.1,49.4,7,0,2024-05-26,0,Complete,0
PO-2024-000950,SUP-020,PT Wijaya Sparepart Utama,Germany,Raw Material,High,2024-04-19,2024-05-16,580,9.91,5747.8,Net 60,Sea,12420.1,23.3,57.9,6,1,2024-05-16,0,Complete,0
PO-2024-001572,SUP-042,Supplier Generic 42,South Korea,MRO,Low,2024-08-11,2024-09-02,3147,10.32,32477.04,Net 90,Sea,5564.2,15.4,64.2,4,0,2024-09-08,6,Complete,1
PO-2024-000844,SUP-043,Supplier Generic 43,Japan,Packaging,Low,2024-09-30,2024-10-22,465,5.78,2687.7,Net 90,Sea,5801.4,18.0,63.2,6,0,2024-10-21,-1,Complete,0
PO-2024-000064,SUP-043,Supplier Generic 43,Japan,Packaging,Medium,2024-06-20,2024-07-03,561,53.14,29811.54,Net 60,Air,5066.6,18.0,63.2,9,0,2024-07-07,4,Complete,1
PO-2024-000414,SUP-033,Supplier Generic 33,China,Component,Low,2024-04-19,2024-05-05,556,8.95,4976.2,Net 90,Sea,3166.9,13.3,81.7,6,1,2024-05-02,-3,Complete,0
PO-2024-000885,SUP-016,PT Cahaya Logistik Industri,Indonesia,Raw Material,Medium,2024-06-05,2024-06-16,368,2.36,868.48,Net 30,courier,330.9,10.2,67.7,9,0,2024-06-20,4,Complete,1
PO-2024-000657,SUP-023,Supplier Generic 23,India,Raw Material,Medium,2024-08-14,2024-08-26,56,3.36,188.16,Net 90,Air,4802.9,17.2,48.9,11,0,2024-08-26,0,Complete,0
PO-2024-001582,SUP-025,Supplier Generic 25,South Korea,Raw Material,Medium,2024-04-23,2024-05-12,963,19.51,18788.13,Net 90,Air,4648.0,22.0,76.1,5,1,2024-05-12,0,Complete,0
PO-2024-001487,SUP-002,PT Mitra Komponen Nusantara,China,Raw Material,Medium,2024-03-17,2024-04-07,788,24.01,18919.88,Net 90,Sea,2866.8,18.5,59.4,3,1,2024-04-04,-3,Complete,0
PO-2024-001328,SUP-038,Supplier Generic 38,China,Component,Medium,2024-01-17,2024-02-12,1643,7.89,12963.27,COD,Sea,2818.4,19.9,70.2,7,0,2024-02-12,0,Complete,0
PO-2024-002268,SUP-042,Supplier Generic 42,South Korea,Packaging,High,2024-08-28,2024-09-12,3363,11.39,38304.57,COD,Air,4952.4,15.4,64.2,8,0,2024-09-09,-3,Complete,0
PO-2024-000078,SUP-042,Supplier Generic 42,South Korea,Packaging,Medium,2024-07-26,2024-08-12,303,11.02,3339.06,Net 60,Air,4882.7,15.4,64.2,7,0,2024-08-16,4,Complete,1
PO-2024-002070,SUP-006,PT Sumber Teknik Mandiri,India,Component,Low,2024-10-04,2024-10-24,7396,2.82,20856.72,Net 60,Sea,4723.7,18.0,87.2,11,0,2024-10-23,-1,Complete,0
PO-2024-000870,SUP-016,PT Cahaya Logistik Industri,Indonesia,MRO,Medium,2024-05-05,2024-05-17,1045,10.1,10554.5,Net 60,Land,332.4,10.2,67.7,7,0,2024-05-16,-1,Complete,0
PO-2024-002248,SUP-004,PT Karya Plastik Sejahtera,Japan,Packaging,High,2024-09-05,2024-10-02,399,8.65,3451.35,Net 60,Sea,5239.5,18.9,59.3,3,0,2024-10-02,0,Complete,0
PO-2024-000451,SUP-002,PT Mitra Komponen Nusantara,China,Packaging,High,2024-01-08,2024-01-31,451,9.23,4162.73,Net 90,Sea,3470.4,18.5,59.4,6,0,2024-02-10,10,Complete,1
PO-2024-001561,SUP-011,Tokyo Machining Corp,China,Packaging,High,2024-09-13,2024-09-26,307,5.48,1682.36,Net 60,Air,3266.0,17.8,67.1,6,0,2024-10-05,9,Complete,1
PO-2024-001980,SUP-019,PT Teknindo Sukses Mandiri,South Korea,Raw Material,Medium,2024-04-02,2024-04-30,362,10.62,3844.44,Net 60,Sea,5620.7,24.2,59.8,7,1,2024-04-29,-1,Complete,0
PO-2024-000697,SUP-013,Bangkok Packaging Solutions,Germany,Raw Material,Medium,2024-11-24,2024-12-20,161,9.69,1560.09,Net 30,Sea,12126.8,21.0,53.4,6,1,2024-12-18,-2,Complete,0
PO-2024-001742,SUP-047,Supplier Generic 47,China,Component,High,2024-03-21,2024-04-06,2175,9.54,20749.5,Net 30,Sea,3422.3,11.1,49.4,8,1,2024-04-07,1,Complete,1
PO-2024-000911,SUP-029,Supplier Generic 29,Indonesia,Component,Low,2024-08-28,2024-09-05,169,37.39,6318.91,Net 30,Land,328.5,8.5,40.0,6,0,2024-09-02,-3,Complete,0
PO-2024-001522,SUP-014,Chennai Steel Works,South Korea,Raw Material,Medium,2024-10-11,2024-11-08,921,12.75,11742.75,Net 30,Sea,4789.2,22.9,73.9,3,0,2024-11-05,-3,Complete,0
PO-2024-001050,SUP-047,Supplier Generic 47,China,Packaging,Medium,2024-06-28,2024-07-11,1391,3.52,4896.32,Net 60,Air,3744.5,11.1,49.4,3,0,2024-07-10,-1,Complete,0
PO-2024-000406,SUP-005,PT Anugerah Kemasan,Indonesia,Component,Low,2024-12-13,2024-12-15,345,2.03,700.35,Net 60,Land,315.1,2.0,98.1,2,1,2024-12-13,-2,Complete,0
PO-2024-002366,SUP-042,Supplier Generic 42,South Korea,Component,Medium,2024-03-21,2024-04-04,411,11.03,4533.33,Net 30,Air,4834.8,15.4,64.2,6,1,2024-04-04,0,Complete,0
PO-2024-001877,SUP-027,Supplier Generic 27,China,Component,Medium,2024-12-24,2025-01-08,253,48.29,12217.37,Net 90,Air,2376.0,20.3,50.7,6,1,2025-01-05,-3,Complete,0
PO-2024-000610,SUP-010,Deutsche Praezisionsteile GmbH,China,Raw Material,Low,2024-05-13,2024-06-01,653,7.65,4995.45,Net 30,Sea,3108.9,17.0,64.2,8,0,2024-05-30,-2,Complete,0
PO-2024-002034,SUP-049,Supplier Generic 49,Japan,Component,Low,2024-02-17,2024-03-10,2026,14.07,28505.82,Net 60,Sea,6260.7,20.2,40.0,8,0,2024-03-09,-1,Complete,0
PO-2024-002327,SUP-017,PT Prima Rekayasa Komponen,Vietnam,Component,Low,2024-06-14,2024-07-12,1375,13.7,18837.5,COD,Sea,2456.8,19.5,65.3,8,0,2024-07-26,14,Complete,1
PO-2024-001969,SUP-026,Supplier Generic 26,Indonesia,Raw Material,Low,2024-01-17,2024-01-20,264,13.36,3527.04,Net 30,Land,371.7,2.0,83.4,2,0,2024-01-18,-2,Complete,0
PO-2024-000021,SUP-037,Supplier Generic 37,Indonesia,Raw Material,High,2024-03-17,2024-03-24,1649,4.65,7667.85,Net 60,Courier,340.0,9.5,88.9,3,1,2024-03-28,4,Complete,1
PO-2024-001591,SUP-017,PT Prima Rekayasa Komponen, Vietnam ,Packaging,Low,2024-10-07,2024-10-31,4181,24.45,102225.45,Net 60,Sea,2079.7,19.5,65.3,4,0,2024-10-28,-3,Complete,0
PO-2024-002225,SUP-036,Supplier Generic 36,Indonesia,Component,Medium,2024-12-03,2024-12-08,1057,17.8,18814.6,COD,Land,371.7,3.4,40.0,5,1,2024-12-15,7,Complete,1
PO-2024-000328,SUP-019,PT Teknindo Sukses Mandiri,South Korea,Raw Material,Medium,2024-08-02,2024-09-01,369,4.0,1476.0,Net 30,Sea,6028.1,24.2,59.8,6,0,2024-08-29,-3,Complete,0
PO-2024-001875,SUP-004,PT Karya Plastik Sejahtera,Japan,MRO,High,2024-04-24,2024-05-20,746,9.84,7340.64,Net 90,sea,5982.4,18.9,59.3,9,1,2024-05-21,1,Complete,1
PO-2024-000267,SUP-028,Supplier Generic 28,Indonesia,Component,Medium,2024-01-18,2024-01-21,1640,12.91,21172.4,Net 30,Courier,314.9,4.4,83.4,6,0,2024-01-20,-1,Complete,0
PO-2024-001757,SUP-021,Supplier Generic 21,USA,Raw Material,Low,2024-06-08,2024-07-13,733,11.75,8612.75,Net 30,Sea,15207.2,27.5,76.2,7,0,2024-07-22,9,Complete,1
PO-2024-000866,SUP-011,Tokyo Machining Corp,China,MRO,Low,2024-02-21,2024-03-15,490,7.16,3508.4,Net 60,Sea,3213.1,17.8,67.1,8,0,2024-03-15,0,Complete,0
PO-2024-002465,SUP-012,Seoul Alloy Industries,Malaysia,Component,Low,2024-10-08,2024-10-24,778,64.17,49924.26,Net 60,Sea,1786.0,6.8,96.6,1,0,2024-10-24,0,Complete,0
PO-2024-000490,SUP-046,Supplier Generic 46,South Korea,MRO,High,2024-05-21,2024-06-13,444,7.05,3130.2,Net 60,Sea,5327.2,20.8,93.5,4,0,2024-06-11,-2,Complete,0
PO-2024-000607,SUP-028,Supplier Generic 28,Indonesia,Packaging,High,2024-02-03,2024-02-05,419,7.67,3213.73,Net 30,Land,385.9,4.4,83.4,5,0,2024-02-04,-1,Complete,0
PO-2024-000153,SUP-023,Supplier Generic 23,India,MRO,Low,2024-08-14,2024-09-06,366,2.12,775.92,Net 30,Sea,5484.4,17.2,48.9,6,0,2024-09-04,-2,Complete,0
PO-2024-002328,SUP-027,Supplier Generic 27,China,Packaging,High,2024-08-04,2024-08-22,1031,9.12,9402.72,Net 60,Air,3085.7,20.3,50.7,11,0,2024-08-20,-2,Complete,0
PO-2024-000270,SUP-033,Supplier Generic 33,China,Raw Material,High,2024-08-21,2024-09-10,2413,26.47,63872.11,Net 60,Sea,3111.6,13.3,81.7,7,0,2024-09-09,-1,Complete,0
PO-2024-000097,SUP-035,Supplier Generic 35,China,MRO,Low,2024-05-14,2024-06-03,784,22.72,17812.48,Net 30,sea,3491.2,14.5,80.7,6,0,2024-06-14,11,Complete,1
PO-2024-000965,SUP-048,Supplier Generic 48,Indonesia,Raw Material,Low,2024-10-06,2024-10-10,323,7.04,2273.92,Net 30,Land,381.0,5.9,96.4,2,0,2024-10-10,0,Complete,0
PO-2024-000872,SUP-004,PT Karya Plastik Sejahtera,Japan,Raw Material,Low,2024-04-23,2024-05-17,3138,3.69,11579.22,Net 30,Sea,6350.6,18.9,59.3,8,1,2024-05-14,-3,Complete,0
PO-2024-001573,SUP-047,Supplier Generic 47,China,MRO,Medium,2024-02-26,2024-03-16,196,12.34,2418.64,Net 90,Sea,3180.6,11.1,49.4,9,0,2024-03-14,-2,Complete,0
PO-2024-000533,SUP-017,PT Prima Rekayasa Komponen,Vietnam,MRO,Medium,2024-07-27,2024-08-21,191,14.49,2767.59,Net 30,Sea,3060.0,19.5,65.3,6,0,2024-09-03,13,Complete,1
PO-2024-001068,SUP-048,Supplier Generic 48,Indonesia,Packaging,Low,2024-05-28,2024-06-04,1346,18.32,24658.72,Net 30,land,348.7,5.9,96.4,4,0,2024-06-02,-2,Complete,0
PO-2024-002126,SUP-036,Supplier Generic 36,Indonesia,Packaging,Low,2024-10-09,2024-10-11,2114,3.93,8308.02,Net 60,Land,349.0,3.4,40.0,13,0,2024-10-11,0,Complete,0
PO-2024-002312,SUP-038,Supplier Generic 38,China,Raw Material,Low,2024-04-04,2024-04-28,394,20.21,7962.74,Net 60,Sea,3557.9,19.9,70.2,6,1,2024-04-27,-1,Complete,0
PO-2024-000716,SUP-010,Deutsche Praezisionsteile GmbH,China,Component,Medium,2024-12-07,2024-12-30,221,1.7,375.7,Net 60,Sea,3529.3,17.0,64.2,7,1,2025-01-09,10,Complete,1
PO-2024-002198,SUP-012,Seoul Alloy Industries,Malaysia,Packaging,Medium,2024-02-21,2024-03-05,749,13.0,9737.0,Net 30,Sea,1917.9,6.8,,4,0,2024-03-02,-3,Complete,0
PO-2024-001539,SUP-015,KL Electronic Parts,China,MRO,Low,2024-03-24,2024-04-10,448,28.81,12906.88,Net 90,Air,2291.7,19.7,79.7,2,1,2024-04-10,0,Complete,0
PO-2024-002472,SUP-021,Supplier Generic 21,USA,Raw Material,Medium,2024-11-25,2024-12-26,371,6.95,2578.45,Net 30,Sea,17954.8,27.5,76.2,3,1,2025-01-07,12,Complete,1
PO-2024-000565,SUP-037,Supplier Generic 37,Indonesia,Component,Low,2024-11-01,2024-11-07,110,10.05,1105.5,Net 30,Land,341.0,9.5,88.9,3,1,2024-11-06,-1,Complete,0
PO-2024-001799,SUP-006,PT Sumber Teknik Mandiri,India,Raw Material,High,2024-12-08,2024-12-23,1188,19.35,22987.8,Net 60,Air,4481.5,18.0,87.2,1,1,2024-12-22,-1,Complete,0
PO-2024-001278,SUP-032,Supplier Generic 32,India,Packaging,High,2024-07-10,2024-08-02,918,15.72,14430.96,COD,Sea,4590.6,19.2,90.1,6,0,2024-07-31,-2,Complete,0
PO-2024-001796,SUP-043,Supplier Generic 43,Japan,MRO,High,2024-04-11,2024-05-03,340,11.66,3964.4,Net 30,Sea,4855.1,18.0,63.2,7,1,2024-05-01,-2,Complete,0
PO-2024-001346,SUP-029,Supplier Generic 29,Indonesia,Raw Material,Medium,2024-12-09,2024-12-20,114,7.12,811.68,Net 90,Land,367.1,8.5,40.0,11,1,2024-12-18,-2,Complete,0
PO-2024-001176,SUP-013,Bangkok Packaging Solutions,GERMANY,Raw Material,Medium,2024-06-13,2024-07-08,1080,26.89,29041.2,COD,Sea,12030.8,21.0,53.4,4,0,2024-07-17,9,Complete,1
PO-2024-001753,SUP-002,PT Mitra Komponen Nusantara,China,Raw Material,Low,2024-12-12,2025-01-03,952,-9.4,8948.8,Net 60,Sea,3068.7,18.5,59.4,7,1,2025-01-16,13,Complete,1
PO-2024-001215,SUP-005,PT Anugerah Kemasan,Indonesia,Component,Medium,2024-12-06,2024-12-08,2620,5.41,14174.2,Net 30,Courier,330.2,2.0,98.1,3,1,2024-12-08,0,Complete,0
PO-2024-001313,SUP-027,Supplier Generic 27,China,Component,Medium,2024-01-09,2024-02-07,1341,47.37,63523.17,Net 60,Sea,3675.7,20.3,50.7,10,0,2024-02-14,7,Pending,1
PO-2024-000649,SUP-028,Supplier Generic 28,Indonesia,Raw Material,Medium,2024-08-25,2024-08-31,1185,13.11,15535.35,Net 30,Courier,314.2,4.4,83.4,4,0,2024-08-29,-2,Complete,0
PO-2024-000314,SUP-017,PT Prima Rekayasa Komponen,Vietnam,Raw Material,High,2024-09-20,2024-10-18,139,18.83,2617.37,COD,Sea,2496.9,19.5,65.3,6,0,2024-10-16,-2,Complete,0
PO-2024-001304,SUP-024,Supplier Generic 24,Thailand,Component,High,2024-06-22,2024-07-13,262,10.74,2813.88,Net 30,Sea,2729.1,11.9,99.0,3,0,2024-07-13,0,Complete,0
PO-2024-001802,SUP-027,Supplier Generic 27,China,Component,Low,2024-03-10,2024-03-27,7165,6.38,45712.7,Net 60,Air,3229.2,20.3,50.7,8,1,2024-03-26,-1,Complete,0
PO-2024-001641,SUP-021,Supplier Generic 21,usa,Packaging,Low,2024-03-01,2024-03-25,2209,38.07,84096.63,Net 90,Air,17738.0,27.5,76.2,8,1,2024-04-03,9,Complete,1
PO-2024-001307,SUP-033,Supplier Generic 33,China,Raw Material,Low,2024-01-11,2024-01-21,223,4.97,1108.31,Net 60,Air,3061.1,13.3,81.7,4,0,2024-01-19,-2,Complete,0
PO-2024-001928,SUP-024,Supplier Generic 24,Thailand,Component,Medium,2024-01-30,2024-02-16,3202,9.5,30419.0,COD,Sea,2105.8,11.9,99.0,2,0,2024-02-13,-3,Complete,0
PO-2024-001496,SUP-039,Supplier Generic 39,Indonesia,Component,Low,2024-09-14,2024-09-19,287,8.44,2422.28,Net 60,Land,323.9,2.9,79.9,5,0,2024-09-17,-2,Complete,0
PO-2024-000026,SUP-039,Supplier Generic 39,Indonesia,Packaging,Low,2024-09-09,2024-09-11,4520,6.61,29877.2,Net 30,Land,301.7,2.9,79.9,4,0,2024-09-08,-3,Complete,0
PO-2024-002245,SUP-047,Supplier Generic 47,China,Raw Material,Low,2024-12-24,2024-12-31,568,9.84,5589.12,Net 30,Air,3375.6,11.1,49.4,6,1,2024-12-31,0,Complete,0
PO-2024-000016,SUP-021,Supplier Generic 21, USA ,Raw Material,Medium,2024-01-12,2024-02-14,2731,27.64,75484.84,Net 30,Sea,16463.8,27.5,76.2,4,0,2024-02-11,-3,Complete,0
PO-2024-000884,SUP-036,Supplier Generic 36,Indonesia,Packaging,Medium,2024-02-13,2024-02-16,885,10.43,9230.55,Net 60,Courier,311.5,3.4,40.0,6,0,2024-02-13,-3,Complete,0
PO-2024-001361,SUP-024,Supplier Generic 24,Thailand,MRO,Low,2024-09-14,2024-09-22,145,4.04,585.8,Net 60,Air,2274.0,11.9,99.0,4,0,2024-09-22,0,Complete,0
PO-2024-001845,SUP-029,Supplier Generic 29, Indonesia ,Packaging,High,2024-02-19,2024-02-24,314,7.04,2210.56,Net 30,Land,334.7,8.5,40.0,8,0,2024-03-06,11,Complete,1
PO-2024-000516,SUP-037,Supplier Generic 37,Indonesia,Raw Material,Low,2024-01-27,2024-02-08,558,30.16,16829.28,Net 30,Land,391.0,9.5,88.9,4,0,2024-02-05,-3,Complete,0
PO-2024-002483,SUP-049,Supplier Generic 49,Japan,Raw Material,High,2024-05-18,2024-06-13,2202,12.38,27260.76,Net 60,Sea,6051.3,20.2,40.0,8,0,2024-06-12,-1,Complete,0
PO-2024-001479,SUP-033,Supplier Generic 33,China,Raw Material,Medium,2024-09-27,2024-10-12,968,33.2,32137.6,Net 30,Sea,3077.8,13.3,81.7,8,0,2024-10-11,-1,Complete,0
PO-2024-001096,SUP-033,Supplier Generic 33,China,Raw Material,High,2024-12-05,2024-12-16,360,13.1,4716.0,Net 90,air,2943.6,13.3,81.7,4,1,2024-12-13,-3,Complete,0
PO-2024-000543,SUP-028,Supplier Generic 28,Indonesia,Raw Material,Low,2024-11-18,2024-11-23,1079,11.27,12160.33,Net 30,Land,321.3,4.4,83.4,1,1,2024-11-20,-3,Pending,0
PO-2024-000634,SUP-030,Supplier Generic 30,Japan,Raw Material,Low,2024-11-27,2024-12-15,1826,,,,Air,5357.4,22.3,78.3,4,1,2024-12-15,0,Complete,0
PO-2024-000432,SUP-039,Supplier Generic 39,Indonesia,Raw Material,Low,2024-09-10,2024-09-13,1447,9.86,14267.42,Net 30,Land,328.6,2.9,79.9,8,0,2024-09-12,-1,Complete,0
PO-2024-000729,SUP-007,Global Parts Co.,usa,Component,Low,2024-08-05,2024-08-31,48,,,Net 60,Air,14354.7,30.2,59.5,4,0,2024-08-29,-2,Complete,0
PO-2024-001289,SUP-040,Supplier Generic 40,Japan,Component,Medium,2024-09-06,2024-09-28,318,7.54,2397.72,,Sea,5179.5,17.0,67.4,2,0,2024-09-26,-2,Complete,0
PO-2024-002258,SUP-050,Supplier Generic 50,Indonesia,Component,Low,2024-07-18,2024-07-25,1731,25.8,44659.8,COD,Land,309.8,6.2,78.9,6,0,2024-07-25,0,Complete,0
PO-2024-000317,SUP-037,Supplier Generic 37,Indonesia,Packaging,Low,2024-10-06,2024-10-13,3628,5.37,19482.36,Net 30,Land,333.0,9.5,88.9,4,0,2024-10-10,-3,Partial,0
PO-2024-001338,SUP-048,Supplier Generic 48,Indonesia,Packaging,Low,2024-10-24,2024-10-30,1894,12.74,24129.56,Net 30,Courier,323.4,5.9,96.4,4,0,2024-10-29,-1,Complete,0
PO-2024-000320,SUP-038,Supplier Generic 38, China ,MRO,Low,2024-03-03,2024-03-29,193,11.17,2155.81,Net 30,Sea,2961.6,19.9,70.2,6,1,2024-03-28,-1,Complete,0
PO-2024-001032,SUP-019,PT Teknindo Sukses Mandiri,South Korea,Component,Medium,2024-03-26,2024-04-20,938,11.77,11040.26,COD,Air,4161.5,24.2,59.8,11,1,2024-05-02,12,Complete,1
PO-2024-002190,SUP-044,Supplier Generic 44,China,Raw Material,Medium,2024-06-06,2024-06-26,518,18.84,9759.12,Net 30,Air,2893.7,18.9,76.0,4,0,2024-06-24,-2,Complete,0
PO-2024-001111,SUP-006,PT Sumber Teknik Mandiri, India ,Packaging,Medium,2024-08-08,2024-08-31,531,53.22,28259.82,Net 60,Sea,5081.8,18.0,87.2,5,0,2024-08-28,-3,Pending,0
PO-2024-001889,SUP-038,Supplier Generic 38,CHINA,Packaging,Low,2024-03-23,2024-04-18,313,4.02,1258.26,Net 30,Sea,3375.6,19.9,70.2,7,1,2024-04-18,0,Complete,0
PO-2024-000754,SUP-004,PT Karya Plastik Sejahtera,Japan,Component,Medium,2024-06-12,2024-07-07,628,31.91,20039.48,Net 30,Sea,6530.4,18.9,59.3,3,0,2024-07-04,-3,Complete,0
PO-2024-000563,SUP-001,PT Sinar Logam Jaya,South Korea,Raw Material,High,2024-04-20,2024-05-16,3454,61.18,211315.72,Net 90,Sea,5654.4,18.3,85.9,2,1,2024-05-24,8,Complete,1
PO-2024-000669,SUP-020,PT Wijaya Sparepart Utama,Germany,Component,Low,2024-05-24,2024-06-17,389,41.69,16217.41,Net 60,Sea,11713.0,23.3,57.9,9,0,2024-06-15,-2,Complete,0
PO-2024-000358,SUP-027,Supplier Generic 27,China,Component,Medium,2024-01-05,2024-01-28,3936,33.04,130045.44,Net 30,Sea,3149.2,20.3,50.7,9,0,2024-02-05,8,Complete,1
PO-2024-001279,SUP-038,Supplier Generic 38,China,Raw Material,Medium,2024-05-06,2024-05-31,211,8.66,1827.26,Net 90,Sea,2795.3,19.9,70.2,6,0,2024-05-29,-2,Complete,0
PO-2024-001203,SUP-023,Supplier Generic 23,India,Packaging,High,2024-01-10,2024-01-25,2134,5.09,10862.06,Net 30,Air,4896.3,17.2,48.9,4,0,2024-01-25,0,Complete,0
PO-2024-000130,SUP-001,PT Sinar Logam Jaya,South Korea,MRO,Medium,2024-04-15,2024-05-08,819,31.81,26052.39,COD,Sea,5444.3,18.3,85.9,4,1,2024-05-07,-1,Complete,0
PO-2024-000145,SUP-049,Supplier Generic 49,Japan,Raw Material,High,2024-10-11,2024-11-04,2229,17.85,39787.65,Net 30,Sea,6797.1,20.2,40.0,6,0,2024-11-01,-3,Complete,0
PO-2024-000236,SUP-016,PT Cahaya Logistik Industri,Indonesia,Packaging,High,2024-12-23,2025-01-03,794,12.4,9845.6,Net 90,Courier,305.2,10.2,67.7,10,1,2024-12-31,-3,Complete,0
PO-2024-001062,SUP-009,Hanoi Component Supply,Indonesia,Component,Low,2024-03-13,2024-03-20,235,15.57,3658.95,Net 30,Land,326.4,7.6,90.8,2,1,2024-03-20,0,Complete,0
